machine_id,machine_type,date,shift,production_rate,production_count,quality_score,downtime_minutes,operating_status
M-01,CNC,2026-05-01,Afternoon,42.82,343,99.05,0,RUNNING
M-01,CNC,2026-05-01,Morning,42.63,341,95.72,0,RUNNING
M-01,CNC,2026-05-01,Night,41.7,334,95.53,0,RUNNING
M-01,CNC,2026-05-02,Afternoon,41.41,331,97.09,0,RUNNING
M-01,CNC,2026-05-02,Morning,43.99,352,97.53,0,RUNNING
M-01,CNC,2026-05-02,Night,41.42,331,95.07,0,RUNNING
M-01,CNC,2026-05-03,Afternoon,39.83,319,94.88,0,RUNNING
M-01,CNC,2026-05-03,Morning,42.3,338,92.17,0,RUNNING
M-01,CNC,2026-05-03,Night,40.72,326,96.63,0,RUNNING
M-01,CNC,2026-05-04,Afternoon,43.85,351,95.55,0,RUNNING
M-01,CNC,2026-05-04,Morning,40.86,327,93.18,0,RUNNING
M-01,CNC,2026-05-04,Night,42.09,337,93.15,0,RUNNING
M-01,CNC,2026-05-05,Afternoon,40.55,324,96.75,0,RUNNING
M-01,CNC,2026-05-05,Morning,41.31,331,96.22,0,RUNNING
M-01,CNC,2026-05-05,Night,41.24,330,95.42,0,RUNNING
M-01,CNC,2026-05-06,Afternoon,41.98,336,93.88,0,RUNNING
M-01,CNC,2026-05-06,Morning,41.24,330,99.7,0,RUNNING
M-01,CNC,2026-05-06,Night,43.04,344,93.56,0,RUNNING
M-01,CNC,2026-05-07,Afternoon,40.33,323,96.39,0,RUNNING
M-01,CNC,2026-05-07,Morning,42.26,338,92.08,0,RUNNING
M-01,CNC,2026-05-07,Night,42.93,343,96.34,0,RUNNING
M-01,CNC,2026-05-08,Afternoon,40.14,321,94.56,0,RUNNING
M-01,CNC,2026-05-08,Morning,41.85,335,95.4,0,RUNNING
M-01,CNC,2026-05-08,Night,41.42,331,98.11,0,RUNNING
M-01,CNC,2026-05-09,Afternoon,42.41,339,95.23,0,RUNNING
M-01,CNC,2026-05-09,Morning,42.43,339,92.47,0,RUNNING
M-01,CNC,2026-05-09,Night,41.15,329,97.22,0,RUNNING
M-01,CNC,2026-05-10,Afternoon,40.94,328,95.38,0,RUNNING
M-01,CNC,2026-05-10,Morning,43.3,346,97.86,0,RUNNING
M-01,CNC,2026-05-10,Night,42.42,339,97.95,0,RUNNING
M-01,CNC,2026-05-11,Afternoon,40.61,325,93.61,0,RUNNING
M-01,CNC,2026-05-11,Morning,41.4,331,95.63,0,RUNNING
M-01,CNC,2026-05-11,Night,43.02,344,98.71,0,RUNNING
M-01,CNC,2026-05-12,Afternoon,42.46,340,94.71,0,RUNNING
M-01,CNC,2026-05-12,Morning,41.91,335,98.01,0,RUNNING
M-01,CNC,2026-05-12,Night,42.46,340,99.08,0,RUNNING
M-01,CNC,2026-05-13,Afternoon,38.7,310,97.64,0,RUNNING
M-01,CNC,2026-05-13,Morning,41.95,336,99.13,0,RUNNING
M-01,CNC,2026-05-13,Night,42.11,337,95.4,0,RUNNING
M-01,CNC,2026-05-14,Afternoon,41.72,334,96.71,0,RUNNING
M-01,CNC,2026-05-14,Morning,42.12,337,92.02,0,RUNNING
M-01,CNC,2026-05-14,Night,43.86,351,94.96,0,RUNNING
M-01,CNC,2026-05-15,Afternoon,43.15,345,96.66,0,RUNNING
M-01,CNC,2026-05-15,Morning,40.98,328,95.0,0,RUNNING
M-01,CNC,2026-05-15,Night,41.33,331,97.03,0,RUNNING
M-01,CNC,2026-05-16,Afternoon,41.12,329,95.56,0,RUNNING
M-01,CNC,2026-05-16,Morning,42.12,337,97.94,0,RUNNING
M-01,CNC,2026-05-16,Night,41.51,332,93.07,0,RUNNING
M-01,CNC,2026-05-17,Afternoon,40.51,324,93.39,0,RUNNING
M-01,CNC,2026-05-17,Morning,40.86,327,94.38,0,RUNNING
M-01,CNC,2026-05-17,Night,38.78,310,93.02,0,RUNNING
M-01,CNC,2026-05-18,Afternoon,38.81,310,92.52,0,RUNNING
M-01,CNC,2026-05-18,Morning,38.6,309,90.11,0,RUNNING
M-01,CNC,2026-05-18,Night,41.21,330,92.06,0,RUNNING
M-01,CNC,2026-05-19,Afternoon,35.34,283,89.52,0,RUNNING
M-01,CNC,2026-05-19,Morning,37.79,302,89.42,0,RUNNING
M-01,CNC,2026-05-19,Night,37.57,301,94.5,0,RUNNING
M-01,CNC,2026-05-20,Afternoon,35.96,288,85.09,0,RUNNING
M-01,CNC,2026-05-20,Morning,35.79,286,88.03,0,RUNNING
M-01,CNC,2026-05-20,Night,37.23,298,88.93,0,RUNNING
M-01,CNC,2026-05-21,Afternoon,35.95,288,82.48,0,RUNNING
M-01,CNC,2026-05-21,Morning,35.32,336,83.47,0,RUNNING
M-01,CNC,2026-05-21,Night,35.11,281,89.67,0,RUNNING
M-01,CNC,2026-05-22,Afternoon,33.1,265,82.14,0,RUNNING
M-01,CNC,2026-05-22,Morning,32.02,256,82.01,0,RUNNING
M-01,CNC,2026-05-22,Night,31.46,252,83.28,0,RUNNING
M-01,CNC,2026-05-23,Afternoon,40.84,0,99.1,480,DOWN
M-01,CNC,2026-05-23,Morning,40.66,0,96.95,480,DOWN
M-01,CNC,2026-05-23,Night,41.01,0,95.36,480,DOWN
M-01,CNC,2026-05-24,Afternoon,42.29,338,98.61,0,RUNNING
M-01,CNC,2026-05-24,Morning,43.03,344,93.54,0,RUNNING
M-01,CNC,2026-05-24,Night,39.97,320,96.37,0,RUNNING
M-01,CNC,2026-05-25,Afternoon,40.44,324,93.36,0,RUNNING
M-01,CNC,2026-05-25,Morning,42.33,339,97.56,0,RUNNING
M-01,CNC,2026-05-25,Night,42.66,341,96.59,0,RUNNING
M-01,CNC,2026-05-26,Afternoon,41.14,329,96.46,0,RUNNING
M-01,CNC,2026-05-26,Morning,42.32,339,96.69,0,RUNNING
M-01,CNC,2026-05-26,Night,42.37,339,94.57,0,RUNNING
M-01,CNC,2026-05-27,Afternoon,40.5,324,97.31,0,RUNNING
M-01,CNC,2026-05-27,Morning,44.35,355,96.95,0,RUNNING
M-01,CNC,2026-05-27,Night,40.77,326,97.57,0,RUNNING
M-01,CNC,2026-05-28,Afternoon,43.21,346,96.83,0,RUNNING
M-01,CNC,2026-05-28,Morning,43.46,348,94.36,0,RUNNING
M-01,CNC,2026-05-28,Night,43.04,344,99.79,0,RUNNING
M-01,CNC,2026-05-29,Afternoon,40.88,327,94.37,0,RUNNING
M-01,CNC,2026-05-29,Morning,41.69,334,94.49,0,RUNNING
M-01,CNC,2026-05-29,Night,41.9,335,96.68,0,RUNNING
M-01,CNC,2026-05-30,Afternoon,42.02,336,98.91,0,RUNNING
M-01,CNC,2026-05-30,Morning,42.35,339,97.65,0,RUNNING
M-01,CNC,2026-05-30,Night,41.67,333,100.0,0,RUNNING
M-01,CNC,2026-05-31,Afternoon,40.65,325,96.96,0,RUNNING
M-01,CNC,2026-05-31,Morning,42.79,342,94.29,0,RUNNING
M-01,CNC,2026-05-31,Night,41.72,334,97.43,0,RUNNING
M-01,CNC,2026-06-01,Afternoon,40.93,327,92.97,0,RUNNING
M-01,CNC,2026-06-01,Morning,42.6,341,95.85,0,RUNNING
M-01,CNC,2026-06-01,Night,41.44,331,97.71,0,RUNNING
M-01,CNC,2026-06-02,Afternoon,42.22,338,96.77,0,RUNNING
M-01,CNC,2026-06-02,Morning,42.27,338,93.51,0,RUNNING
M-01,CNC,2026-06-02,Night,40.89,327,96.31,0,RUNNING
M-01,CNC,2026-06-03,Afternoon,42.45,340,97.12,0,RUNNING
M-01,CNC,2026-06-03,Morning,42.07,337,93.71,0,RUNNING
M-01,CNC,2026-06-03,Night,43.36,347,95.56,0,RUNNING
M-01,CNC,2026-06-04,Afternoon,42.65,341,97.03,0,RUNNING
M-01,CNC,2026-06-04,Morning,40.26,322,94.12,0,RUNNING
M-01,CNC,2026-06-04,Night,42.65,341,100.0,0,RUNNING
M-01,CNC,2026-06-05,Afternoon,43.2,346,97.3,0,RUNNING
M-01,CNC,2026-06-05,Morning,42.72,342,98.27,0,RUNNING
M-01,CNC,2026-06-05,Night,41.6,333,97.52,0,RUNNING
M-01,CNC,2026-06-06,Afternoon,41.39,331,96.16,0,RUNNING
M-01,CNC,2026-06-06,Morning,41.03,328,95.53,0,RUNNING
M-01,CNC,2026-06-06,Night,44.92,359,92.27,0,RUNNING
M-01,CNC,2026-06-07,Afternoon,41.41,331,98.18,0,RUNNING
M-01,CNC,2026-06-07,Morning,42.86,343,92.77,0,RUNNING
M-01,CNC,2026-06-07,Night,42.08,337,93.84,0,RUNNING
M-01,CNC,2026-06-08,Afternoon,41.08,329,96.43,0,RUNNING
M-01,CNC,2026-06-08,Morning,41.1,329,97.36,0,RUNNING
M-01,CNC,2026-06-08,Night,42.06,336,94.7,0,RUNNING
M-01,CNC,2026-06-09,Afternoon,39.45,316,96.37,0,RUNNING
M-01,CNC,2026-06-09,Morning,44.7,358,97.27,0,RUNNING
M-01,CNC,2026-06-09,Night,41.17,329,97.7,0,RUNNING
M-01,CNC,2026-06-10,Afternoon,42.64,341,97.73,0,RUNNING
M-01,CNC,2026-06-10,Morning,41.0,328,95.77,0,RUNNING
M-01,CNC,2026-06-10,Night,40.49,324,95.33,0,RUNNING
M-01,CNC,2026-06-11,Afternoon,44.22,354,96.81,0,RUNNING
M-01,CNC,2026-06-11,Morning,41.4,331,94.69,0,RUNNING
M-01,CNC,2026-06-11,Night,40.41,323,97.84,0,RUNNING
M-01,CNC,2026-06-12,Afternoon,40.09,321,95.03,0,RUNNING
M-01,CNC,2026-06-12,Morning,44.67,357,98.06,0,RUNNING
M-01,CNC,2026-06-12,Night,43.6,349,94.58,0,RUNNING
M-01,CNC,2026-06-13,Afternoon,40.83,327,95.88,0,RUNNING
M-01,CNC,2026-06-13,Morning,42.56,340,97.55,0,RUNNING
M-01,CNC,2026-06-13,Night,37.92,303,93.95,0,RUNNING
M-01,CNC,2026-06-14,Afternoon,44.06,352,93.14,0,RUNNING
M-01,CNC,2026-06-14,Morning,41.68,333,93.5,0,RUNNING
M-01,CNC,2026-06-14,Night,41.45,332,96.26,0,RUNNING
M-01,CNC,2026-06-15,Afternoon,43.47,348,96.02,0,RUNNING
M-01,CNC,2026-06-15,Morning,43.82,351,95.56,0,RUNNING
M-01,CNC,2026-06-15,Night,40.76,326,96.92,0,RUNNING
M-01,CNC,2026-06-16,Afternoon,42.09,337,95.23,0,RUNNING
M-01,CNC,2026-06-16,Morning,42.25,338,94.8,0,RUNNING
M-01,CNC,2026-06-16,Night,42.14,337,97.32,0,RUNNING
M-01,CNC,2026-06-17,Afternoon,44.69,358,92.1,0,RUNNING
M-01,CNC,2026-06-17,Morning,44.0,352,93.52,0,RUNNING
M-01,CNC,2026-06-17,Night,41.81,334,97.18,0,RUNNING
M-01,CNC,2026-06-18,Afternoon,41.74,334,95.01,0,RUNNING
M-01,CNC,2026-06-18,Morning,42.35,339,94.75,0,RUNNING
M-01,CNC,2026-06-18,Night,41.26,330,97.7,0,RUNNING
M-01,CNC,2026-06-19,Afternoon,43.13,345,96.61,0,RUNNING
M-01,CNC,2026-06-19,Morning,42.45,336,94.61,0,RUNNING
M-01,CNC,2026-06-19,Night,43.02,344,97.26,0,RUNNING
M-01,CNC,2026-06-20,Afternoon,42.94,344,97.22,0,RUNNING
M-01,CNC,2026-06-20,Morning,40.96,328,94.88,0,RUNNING
M-01,CNC,2026-06-20,Night,41.97,336,96.23,0,RUNNING
M-01,CNC,2026-06-21,Afternoon,42.69,342,95.6,0,RUNNING
M-01,CNC,2026-06-21,Morning,43.61,349,94.82,0,RUNNING
M-01,CNC,2026-06-21,Night,41.73,334,98.2,0,RUNNING
M-01,CNC,2026-06-22,Afternoon,43.64,349,96.04,0,RUNNING
M-01,CNC,2026-06-22,Morning,43.04,344,97.63,0,RUNNING
M-01,CNC,2026-06-22,Night,42.86,343,95.38,0,RUNNING
M-01,CNC,2026-06-23,Afternoon,42.12,337,97.19,0,RUNNING
M-01,CNC,2026-06-23,Morning,42.41,339,95.74,0,RUNNING
M-01,CNC,2026-06-23,Night,40.97,328,100.0,0,RUNNING
M-01,CNC,2026-06-24,Afternoon,43.46,348,97.58,0,RUNNING
M-01,CNC,2026-06-24,Morning,40.73,326,93.57,0,RUNNING
M-01,CNC,2026-06-24,Night,42.79,342,97.26,0,RUNNING
M-01,CNC,2026-06-25,Afternoon,42.1,337,94.65,0,RUNNING
M-01,CNC,2026-06-25,Morning,41.98,336,94.21,0,RUNNING
M-01,CNC,2026-06-25,Night,43.23,346,95.71,0,RUNNING
M-01,CNC,2026-06-26,Afternoon,42.52,340,94.87,0,RUNNING
M-01,CNC,2026-06-26,Morning,40.96,328,95.36,0,RUNNING
M-01,CNC,2026-06-26,Night,40.96,328,96.49,0,RUNNING
M-01,CNC,2026-06-27,Afternoon,41.41,331,96.46,0,RUNNING
M-01,CNC,2026-06-27,Morning,42.31,338,94.99,0,RUNNING
M-01,CNC,2026-06-27,Night,40.18,321,93.19,0,RUNNING
M-01,CNC,2026-06-28,Afternoon,42.39,339,98.95,0,RUNNING
M-01,CNC,2026-06-28,Morning,41.09,329,95.57,0,RUNNING
M-01,CNC,2026-06-28,Night,43.08,345,95.68,0,RUNNING
M-01,CNC,2026-06-29,Afternoon,41.98,336,95.42,0,RUNNING
M-01,CNC,2026-06-29,Morning,41.98,336,93.99,0,RUNNING
M-01,CNC,2026-06-29,Night,42.41,339,94.35,0,RUNNING
M-01,CNC,2026-06-30,Afternoon,41.86,335,96.8,0,RUNNING
M-01,CNC,2026-06-30,Morning,42.65,341,99.07,0,RUNNING
M-01,CNC,2026-06-30,Night,42.87,343,95.2,0,RUNNING
M-01,CNC,2026-07-01,Afternoon,42.12,337,94.45,0,RUNNING
M-01,CNC,2026-07-01,Morning,42.28,338,96.03,0,RUNNING
M-01,CNC,2026-07-01,Night,42.03,336,97.0,0,RUNNING
M-01,CNC,2026-07-02,Afternoon,44.71,358,94.47,0,RUNNING
M-01,CNC,2026-07-02,Morning,43.83,351,97.92,0,RUNNING
M-01,CNC,2026-07-02,Night,43.1,345,96.37,0,RUNNING
M-01,CNC,2026-07-03,Afternoon,40.94,328,94.8,0,RUNNING
M-01,CNC,2026-07-03,Morning,44.76,358,94.38,0,RUNNING
M-01,CNC,2026-07-03,Night,39.32,315,94.95,0,RUNNING
M-01,CNC,2026-07-04,Afternoon,42.43,339,99.75,0,RUNNING
M-01,CNC,2026-07-04,Morning,41.04,328,96.3,0,RUNNING
M-01,CNC,2026-07-04,Night,43.2,346,94.85,0,RUNNING
M-01,CNC,2026-07-05,Afternoon,40.34,323,99.66,0,RUNNING
M-01,CNC,2026-07-05,Morning,40.87,327,95.56,0,RUNNING
M-01,CNC,2026-07-05,Night,43.49,348,95.06,0,RUNNING
M-01,CNC,2026-07-06,Afternoon,41.86,335,98.48,0,RUNNING
M-01,CNC,2026-07-06,Morning,39.84,319,98.71,0,RUNNING
M-01,CNC,2026-07-06,Night,39.99,320,94.8,0,RUNNING
M-01,CNC,2026-07-07,Afternoon,41.43,331,97.25,0,RUNNING
M-01,CNC,2026-07-07,Morning,42.01,336,96.09,0,RUNNING
M-01,CNC,2026-07-07,Night,40.65,325,95.72,0,RUNNING
M-01,CNC,2026-07-08,Afternoon,42.9,343,93.75,0,RUNNING
M-01,CNC,2026-07-08,Morning,42.15,337,97.03,0,RUNNING
M-01,CNC,2026-07-08,Night,40.07,321,98.56,0,RUNNING
M-01,CNC,2026-07-09,Afternoon,43.95,352,96.23,0,RUNNING
M-01,CNC,2026-07-09,Morning,42.42,339,94.5,0,RUNNING
M-01,CNC,2026-07-09,Night,43.49,348,96.14,0,RUNNING
M-01,CNC,2026-07-10,Afternoon,41.69,333,97.94,0,RUNNING
M-01,CNC,2026-07-10,Morning,44.6,357,99.51,0,RUNNING
M-01,CNC,2026-07-10,Night,42.81,343,98.74,0,RUNNING
M-01,CNC,2026-07-11,Afternoon,43.33,347,92.48,0,RUNNING
M-01,CNC,2026-07-11,Morning,40.78,326,97.37,0,RUNNING
M-01,CNC,2026-07-11,Night,40.51,324,91.92,0,RUNNING
M-01,CNC,2026-07-12,Afternoon,43.89,351,96.15,0,RUNNING
M-01,CNC,2026-07-12,Morning,41.66,333,97.44,0,RUNNING
M-01,CNC,2026-07-12,Night,44.05,352,93.24,0,RUNNING
M-01,CNC,2026-07-13,Afternoon,42.48,340,95.93,0,RUNNING
M-01,CNC,2026-07-13,Morning,39.85,319,95.89,0,RUNNING
M-01,CNC,2026-07-13,Night,39.4,315,95.82,0,RUNNING
M-01,CNC,2026-07-14,Afternoon,42.46,340,94.12,0,RUNNING
M-01,CNC,2026-07-14,Morning,40.36,323,97.34,0,RUNNING
M-01,CNC,2026-07-14,Night,41.35,331,93.88,0,RUNNING
M-01,CNC,2026-07-15,Afternoon,40.76,326,97.01,0,RUNNING
M-01,CNC,2026-07-15,Morning,41.92,335,97.91,0,RUNNING
M-01,CNC,2026-07-15,Night,41.33,331,94.41,0,RUNNING
M-01,CNC,2026-07-16,Afternoon,39.83,319,91.46,0,RUNNING
M-01,CNC,2026-07-16,Morning,40.37,323,91.79,0,RUNNING
M-01,CNC,2026-07-16,Night,42.89,343,93.93,0,RUNNING
M-01,CNC,2026-07-17,Afternoon,38.87,311,91.27,0,RUNNING
M-01,CNC,2026-07-17,Morning,38.18,305,92.14,0,RUNNING
M-01,CNC,2026-07-17,Night,39.72,318,93.23,0,RUNNING
M-01,CNC,2026-07-18,Afternoon,37.19,298,84.97,0,RUNNING
M-01,CNC,2026-07-18,Morning,36.9,295,88.42,0,RUNNING
M-01,CNC,2026-07-18,Night,35.8,286,92.31,0,RUNNING
M-01,CNC,2026-07-19,Afternoon,36.62,293,88.05,0,RUNNING
M-01,CNC,2026-07-19,Morning,37.78,302,86.93,0,RUNNING
M-01,CNC,2026-07-19,Night,39.33,315,89.67,0,RUNNING
M-01,CNC,2026-07-20,Afternoon,32.84,263,85.69,0,RUNNING
M-01,CNC,2026-07-20,Morning,34.37,275,83.37,0,RUNNING
M-01,CNC,2026-07-20,Night,33.72,270,82.44,0,RUNNING
M-01,CNC,2026-07-21,Afternoon,34.67,277,84.91,0,RUNNING
M-01,CNC,2026-07-21,Morning,32.36,259,80.98,0,RUNNING
M-01,CNC,2026-07-21,Night,32.99,264,86.1,0,RUNNING
M-01,CNC,2026-07-22,Afternoon,43.92,0,97.08,480,DOWN
M-01,CNC,2026-07-22,Morning,42.1,0,94.28,480,DOWN
M-01,CNC,2026-07-22,Night,40.69,0,95.62,480,DOWN
M-01,CNC,2026-07-23,Afternoon,43.17,345,99.82,0,RUNNING
M-01,CNC,2026-07-23,Morning,40.9,327,93.23,0,RUNNING
M-01,CNC,2026-07-23,Night,40.24,322,97.13,0,RUNNING
M-01,CNC,2026-07-24,Afternoon,41.25,330,94.27,0,RUNNING
M-01,CNC,2026-07-24,Morning,41.18,329,95.03,0,RUNNING
M-01,CNC,2026-07-24,Night,42.06,336,94.34,0,RUNNING
M-01,CNC,2026-07-25,Afternoon,41.7,334,94.18,0,RUNNING
M-01,CNC,2026-07-25,Morning,42.34,339,95.9,0,RUNNING
M-01,CNC,2026-07-25,Night,41.27,330,97.51,0,RUNNING
M-01,CNC,2026-07-26,Afternoon,42.13,337,97.5,0,RUNNING
M-01,CNC,2026-07-26,Morning,42.63,341,94.04,0,RUNNING
M-01,CNC,2026-07-26,Night,39.9,319,97.09,0,RUNNING
M-01,CNC,2026-07-27,Afternoon,41.04,328,92.39,0,RUNNING
M-01,CNC,2026-07-27,Morning,41.17,329,97.14,0,RUNNING
M-01,CNC,2026-07-27,Night,39.95,320,96.1,0,RUNNING
M-01,CNC,2026-07-28,Afternoon,42.8,342,92.68,0,RUNNING
M-01,CNC,2026-07-28,Morning,42.33,339,94.19,0,RUNNING
M-01,CNC,2026-07-28,Night,41.92,335,93.58,0,RUNNING
M-01,CNC,2026-07-29,Afternoon,40.92,327,95.23,0,RUNNING
M-01,CNC,2026-07-29,Morning,41.18,329,96.09,0,RUNNING
M-01,CNC,2026-07-29,Night,43.27,346,94.85,0,RUNNING
M-02,CNC,2026-05-01,Afternoon,42.67,341,98.88,0,RUNNING
M-02,CNC,2026-05-01,Morning,43.05,344,93.74,0,RUNNING
M-02,CNC,2026-05-01,Night,38.89,311,94.41,0,RUNNING
M-02,CNC,2026-05-02,Afternoon,42.47,340,94.79,0,RUNNING
M-02,CNC,2026-05-02,Morning,42.73,342,95.59,0,RUNNING
M-02,CNC,2026-05-02,Night,42.11,337,95.69,0,RUNNING
M-02,CNC,2026-05-03,Afternoon,42.43,339,95.18,0,RUNNING
M-02,CNC,2026-05-03,Morning,43.47,348,96.51,0,RUNNING
M-02,CNC,2026-05-03,Night,41.39,331,95.13,0,RUNNING
M-02,CNC,2026-05-04,Afternoon,40.85,327,98.01,0,RUNNING
M-02,CNC,2026-05-04,Morning,40.98,328,93.02,0,RUNNING
M-02,CNC,2026-05-04,Night,41.56,332,93.21,0,RUNNING
M-02,CNC,2026-05-05,Afternoon,36.62,293,89.7,0,RUNNING
M-02,CNC,2026-05-05,Morning,40.41,323,90.9,0,RUNNING
M-02,CNC,2026-05-05,Night,36.81,294,91.01,0,RUNNING
M-02,CNC,2026-05-06,Afternoon,37.87,303,89.13,0,RUNNING
M-02,CNC,2026-05-06,Morning,37.52,300,92.92,0,RUNNING
M-02,CNC,2026-05-06,Night,38.43,307,85.15,0,RUNNING
M-02,CNC,2026-05-07,Afternoon,34.4,275,89.72,0,RUNNING
M-02,CNC,2026-05-07,Morning,36.25,290,88.97,0,RUNNING
M-02,CNC,2026-05-07,Night,36.37,291,86.6,0,RUNNING
M-02,CNC,2026-05-08,Afternoon,34.69,278,85.78,0,RUNNING
M-02,CNC,2026-05-08,Morning,35.15,281,89.83,0,RUNNING
M-02,CNC,2026-05-08,Night,34.02,272,83.59,0,RUNNING
M-02,CNC,2026-05-09,Afternoon,33.07,265,82.19,0,RUNNING
M-02,CNC,2026-05-09,Morning,33.82,271,81.43,0,RUNNING
M-02,CNC,2026-05-09,Night,33.47,268,83.81,0,RUNNING
M-02,CNC,2026-05-10,Afternoon,41.66,0,94.04,480,DOWN
M-02,CNC,2026-05-10,Morning,43.31,0,94.98,480,DOWN
M-02,CNC,2026-05-10,Night,41.44,0,96.75,480,DOWN
M-02,CNC,2026-05-11,Afternoon,43.1,345,98.71,0,RUNNING
M-02,CNC,2026-05-11,Morning,42.95,344,94.16,0,RUNNING
M-02,CNC,2026-05-11,Night,42.52,340,99.75,0,RUNNING
M-02,CNC,2026-05-12,Afternoon,39.76,318,98.99,0,RUNNING
M-02,CNC,2026-05-12,Morning,41.03,328,93.51,0,RUNNING
M-02,CNC,2026-05-12,Night,42.82,343,95.89,0,RUNNING
M-02,CNC,2026-05-13,Afternoon,45.08,361,96.26,0,RUNNING
M-02,CNC,2026-05-13,Morning,42.35,339,93.75,0,RUNNING
M-02,CNC,2026-05-13,Night,42.14,337,97.45,0,RUNNING
M-02,CNC,2026-05-14,Afternoon,41.0,328,96.94,0,RUNNING
M-02,CNC,2026-05-14,Morning,42.61,341,96.45,0,RUNNING
M-02,CNC,2026-05-14,Night,44.37,355,98.69,0,RUNNING
M-02,CNC,2026-05-15,Afternoon,40.75,326,95.75,0,RUNNING
M-02,CNC,2026-05-15,Morning,44.01,352,94.98,0,RUNNING
M-02,CNC,2026-05-15,Night,42.07,337,98.19,0,RUNNING
M-02,CNC,2026-05-16,Afternoon,41.8,334,95.15,0,RUNNING
M-02,CNC,2026-05-16,Morning,39.87,319,99.06,0,RUNNING
M-02,CNC,2026-05-16,Night,40.72,326,92.69,0,RUNNING
M-02,CNC,2026-05-17,Afternoon,40.37,323,93.41,0,RUNNING
M-02,CNC,2026-05-17,Morning,43.04,344,96.15,0,RUNNING
M-02,CNC,2026-05-17,Night,41.58,333,99.34,0,RUNNING
M-02,CNC,2026-05-18,Afternoon,41.69,334,95.45,0,RUNNING
M-02,CNC,2026-05-18,Morning,41.67,333,92.99,0,RUNNING
M-02,CNC,2026-05-18,Night,38.6,309,95.89,0,RUNNING
M-02,CNC,2026-05-19,Afternoon,44.33,355,98.25,0,RUNNING
M-02,CNC,2026-05-19,Morning,41.71,334,97.39,0,RUNNING
M-02,CNC,2026-05-19,Night,41.66,333,93.79,0,RUNNING
M-02,CNC,2026-05-20,Afternoon,42.02,336,95.95,0,RUNNING
M-02,CNC,2026-05-20,Morning,45.24,362,96.12,0,RUNNING
M-02,CNC,2026-05-20,Night,42.25,338,95.71,0,RUNNING
M-02,CNC,2026-05-21,Afternoon,41.96,336,94.91,0,RUNNING
M-02,CNC,2026-05-21,Morning,41.28,330,94.91,0,RUNNING
M-02,CNC,2026-05-21,Night,41.1,329,96.21,0,RUNNING
M-02,CNC,2026-05-22,Afternoon,38.66,309,98.18,0,RUNNING
M-02,CNC,2026-05-22,Morning,41.68,333,99.01,0,RUNNING
M-02,CNC,2026-05-22,Night,43.57,349,91.85,0,RUNNING
M-02,CNC,2026-05-23,Afternoon,40.23,322,94.44,0,RUNNING
M-02,CNC,2026-05-23,Morning,41.57,333,95.26,0,RUNNING
M-02,CNC,2026-05-23,Night,40.6,325,99.5,0,RUNNING
M-02,CNC,2026-05-24,Afternoon,42.91,343,93.74,0,RUNNING
M-02,CNC,2026-05-24,Morning,43.18,345,98.54,0,RUNNING
M-02,CNC,2026-05-24,Night,41.34,331,96.98,0,RUNNING
M-02,CNC,2026-05-25,Afternoon,41.7,334,95.25,0,RUNNING
M-02,CNC,2026-05-25,Morning,40.46,324,97.43,0,RUNNING
M-02,CNC,2026-05-25,Night,42.9,343,96.89,0,RUNNING
M-02,CNC,2026-05-26,Afternoon,38.94,312,94.73,0,RUNNING
M-02,CNC,2026-05-26,Morning,39.81,319,95.82,0,RUNNING
M-02,CNC,2026-05-26,Night,40.97,328,92.88,0,RUNNING
M-02,CNC,2026-05-27,Afternoon,39.57,317,90.63,0,RUNNING
M-02,CNC,2026-05-27,Morning,38.88,311,88.5,0,RUNNING
M-02,CNC,2026-05-27,Night,37.9,303,93.1,0,RUNNING
M-02,CNC,2026-05-28,Afternoon,35.03,280,89.71,0,RUNNING
M-02,CNC,2026-05-28,Morning,35.97,288,85.68,0,RUNNING
M-02,CNC,2026-05-28,Night,35.34,283,92.01,0,RUNNING
M-02,CNC,2026-05-29,Afternoon,35.22,282,85.81,0,RUNNING
M-02,CNC,2026-05-29,Morning,32.81,263,89.39,0,RUNNING
M-02,CNC,2026-05-29,Night,34.43,275,86.8,0,RUNNING
M-02,CNC,2026-05-30,Afternoon,33.36,267,83.8,0,RUNNING
M-02,CNC,2026-05-30,Morning,33.21,266,85.71,0,RUNNING
M-02,CNC,2026-05-30,Night,32.89,263,83.39,0,RUNNING
M-02,CNC,2026-05-31,Afternoon,40.3,161,97.49,240,MAINTENANCE
M-02,CNC,2026-05-31,Morning,42.39,170,92.58,240,MAINTENANCE
M-02,CNC,2026-05-31,Night,42.22,169,95.63,240,MAINTENANCE
M-02,CNC,2026-06-01,Afternoon,41.32,331,95.63,0,RUNNING
M-02,CNC,2026-06-01,Morning,42.02,336,96.7,0,RUNNING
M-02,CNC,2026-06-01,Night,42.25,338,94.04,0,RUNNING
M-02,CNC,2026-06-02,Afternoon,43.3,346,96.95,0,RUNNING
M-02,CNC,2026-06-02,Morning,42.51,340,92.59,0,RUNNING
M-02,CNC,2026-06-02,Night,42.32,339,97.97,0,RUNNING
M-02,CNC,2026-06-03,Afternoon,39.68,317,93.44,0,RUNNING
M-02,CNC,2026-06-03,Morning,44.1,353,98.03,0,RUNNING
M-02,CNC,2026-06-03,Night,41.21,330,96.05,0,RUNNING
M-02,CNC,2026-06-04,Afternoon,42.24,338,94.49,0,RUNNING
M-02,CNC,2026-06-04,Morning,42.65,341,94.55,0,RUNNING
M-02,CNC,2026-06-04,Night,41.23,330,95.63,0,RUNNING
M-02,CNC,2026-06-05,Afternoon,40.77,326,98.11,0,RUNNING
M-02,CNC,2026-06-05,Morning,40.84,327,93.3,0,RUNNING
M-02,CNC,2026-06-05,Night,40.8,326,100.0,0,RUNNING
M-02,CNC,2026-06-06,Afternoon,40.92,327,97.4,0,RUNNING
M-02,CNC,2026-06-06,Morning,42.62,341,96.37,0,RUNNING
M-02,CNC,2026-06-06,Night,41.27,330,96.24,0,RUNNING
M-02,CNC,2026-06-07,Afternoon,43.45,348,94.59,0,RUNNING
M-02,CNC,2026-06-07,Morning,45.23,362,95.81,0,RUNNING
M-02,CNC,2026-06-07,Night,41.96,336,99.54,0,RUNNING
M-02,CNC,2026-06-08,Afternoon,42.89,343,94.88,0,RUNNING
M-02,CNC,2026-06-08,Morning,41.21,330,99.62,0,RUNNING
M-02,CNC,2026-06-08,Night,42.8,342,97.95,0,RUNNING
M-02,CNC,2026-06-09,Afternoon,41.08,329,95.5,0,RUNNING
M-02,CNC,2026-06-09,Morning,42.78,342,92.86,0,RUNNING
M-02,CNC,2026-06-09,Night,41.91,335,97.24,0,RUNNING
M-02,CNC,2026-06-10,Afternoon,42.48,340,97.22,0,RUNNING
M-02,CNC,2026-06-10,Morning,42.22,338,93.33,0,RUNNING
M-02,CNC,2026-06-10,Night,42.71,342,98.16,0,RUNNING
M-02,CNC,2026-06-11,Afternoon,41.91,335,92.68,0,RUNNING
M-02,CNC,2026-06-11,Morning,43.05,344,96.92,0,RUNNING
M-02,CNC,2026-06-11,Night,42.54,340,96.42,0,RUNNING
M-02,CNC,2026-06-12,Afternoon,40.64,325,98.11,0,RUNNING
M-02,CNC,2026-06-12,Morning,42.34,339,93.45,0,RUNNING
M-02,CNC,2026-06-12,Night,41.95,336,97.36,0,RUNNING
M-02,CNC,2026-06-13,Afternoon,43.18,345,94.97,0,RUNNING
M-02,CNC,2026-06-13,Morning,42.04,336,96.06,0,RUNNING
M-02,CNC,2026-06-13,Night,42.12,337,95.08,0,RUNNING
M-02,CNC,2026-06-14,Afternoon,42.28,338,95.04,0,RUNNING
M-02,CNC,2026-06-14,Morning,41.45,332,95.38,0,RUNNING
M-02,CNC,2026-06-14,Night,43.58,349,94.21,0,RUNNING
M-02,CNC,2026-06-15,Afternoon,43.82,351,96.39,0,RUNNING
M-02,CNC,2026-06-15,Morning,41.76,334,95.12,0,RUNNING
M-02,CNC,2026-06-15,Night,43.3,346,93.03,0,RUNNING
M-02,CNC,2026-06-16,Afternoon,42.1,337,98.13,0,RUNNING
M-02,CNC,2026-06-16,Morning,42.34,339,97.78,0,RUNNING
M-02,CNC,2026-06-16,Night,41.35,331,98.82,0,RUNNING
M-02,CNC,2026-06-17,Afternoon,41.44,332,98.91,0,RUNNING
M-02,CNC,2026-06-17,Morning,44.9,359,95.27,0,RUNNING
M-02,CNC,2026-06-17,Night,43.99,352,94.95,0,RUNNING
M-02,CNC,2026-06-18,Afternoon,40.31,322,94.16,0,RUNNING
M-02,CNC,2026-06-18,Morning,41.47,332,95.44,0,RUNNING
M-02,CNC,2026-06-18,Night,40.73,326,94.46,0,RUNNING
M-02,CNC,2026-06-19,Afternoon,43.95,352,94.0,0,RUNNING
M-02,CNC,2026-06-19,Morning,41.96,336,96.47,0,RUNNING
M-02,CNC,2026-06-19,Night,43.24,346,95.57,0,RUNNING
M-02,CNC,2026-06-20,Afternoon,40.59,325,96.76,0,RUNNING
M-02,CNC,2026-06-20,Morning,41.94,336,97.35,0,RUNNING
M-02,CNC,2026-06-20,Night,42.21,338,96.98,0,RUNNING
M-02,CNC,2026-06-21,Afternoon,41.2,330,94.94,0,RUNNING
M-02,CNC,2026-06-21,Morning,42.36,339,100.0,0,RUNNING
M-02,CNC,2026-06-21,Night,41.21,330,94.89,0,RUNNING
M-02,CNC,2026-06-22,Afternoon,43.79,350,94.86,0,RUNNING
M-02,CNC,2026-06-22,Morning,41.2,330,98.38,0,RUNNING
M-02,CNC,2026-06-22,Night,40.95,328,96.94,0,RUNNING
M-02,CNC,2026-06-23,Afternoon,42.26,338,92.97,0,RUNNING
M-02,CNC,2026-06-23,Morning,41.3,330,97.27,0,RUNNING
M-02,CNC,2026-06-23,Night,43.95,352,99.59,0,RUNNING
M-02,CNC,2026-06-24,Afternoon,42.36,339,96.67,0,RUNNING
M-02,CNC,2026-06-24,Morning,41.23,330,95.22,0,RUNNING
M-02,CNC,2026-06-24,Night,42.83,343,100.0,0,RUNNING
M-02,CNC,2026-06-25,Afternoon,40.26,322,94.54,0,RUNNING
M-02,CNC,2026-06-25,Morning,41.78,334,94.4,0,RUNNING
M-02,CNC,2026-06-25,Night,41.96,336,99.59,0,RUNNING
M-02,CNC,2026-06-26,Afternoon,41.98,336,98.38,0,RUNNING
M-02,CNC,2026-06-26,Morning,41.35,331,96.45,0,RUNNING
M-02,CNC,2026-06-26,Night,45.18,361,94.94,0,RUNNING
M-02,CNC,2026-06-27,Afternoon,42.86,343,99.69,0,RUNNING
M-02,CNC,2026-06-27,Morning,41.38,331,98.09,0,RUNNING
M-02,CNC,2026-06-27,Night,42.74,342,95.28,0,RUNNING
M-02,CNC,2026-06-28,Afternoon,43.03,344,97.01,0,RUNNING
M-02,CNC,2026-06-28,Morning,42.74,342,98.22,0,RUNNING
M-02,CNC,2026-06-28,Night,43.34,347,98.34,0,RUNNING
M-02,CNC,2026-06-29,Afternoon,41.79,334,96.29,0,RUNNING
M-02,CNC,2026-06-29,Morning,43.74,350,97.3,0,RUNNING
M-02,CNC,2026-06-29,Night,43.52,348,94.37,0,RUNNING
M-02,CNC,2026-06-30,Afternoon,42.04,336,98.56,0,RUNNING
M-02,CNC,2026-06-30,Morning,42.46,340,95.21,0,RUNNING
M-02,CNC,2026-06-30,Night,42.24,338,96.09,0,RUNNING
M-02,CNC,2026-07-01,Afternoon,42.81,343,100.0,0,RUNNING
M-02,CNC,2026-07-01,Morning,40.29,322,97.49,0,RUNNING
M-02,CNC,2026-07-01,Night,41.61,333,96.44,0,RUNNING
M-02,CNC,2026-07-02,Afternoon,41.88,335,96.56,0,RUNNING
M-02,CNC,2026-07-02,Morning,42.31,339,99.15,0,RUNNING
M-02,CNC,2026-07-02,Night,42.77,342,96.37,0,RUNNING
M-02,CNC,2026-07-03,Afternoon,43.35,347,93.95,0,RUNNING
M-02,CNC,2026-07-03,Morning,41.44,331,96.39,0,RUNNING
M-02,CNC,2026-07-03,Night,42.17,337,94.6,0,RUNNING
M-02,CNC,2026-07-04,Afternoon,41.3,330,96.75,0,RUNNING
M-02,CNC,2026-07-04,Morning,43.51,348,92.95,0,RUNNING
M-02,CNC,2026-07-04,Night,43.97,352,95.63,0,RUNNING
M-02,CNC,2026-07-05,Afternoon,37.66,301,87.85,0,RUNNING
M-02,CNC,2026-07-05,Morning,38.72,310,96.01,0,RUNNING
M-02,CNC,2026-07-05,Night,39.89,319,91.25,0,RUNNING
M-02,CNC,2026-07-06,Afternoon,37.02,296,87.37,0,RUNNING
M-02,CNC,2026-07-06,Morning,35.62,285,89.92,0,RUNNING
M-02,CNC,2026-07-06,Night,35.34,283,90.24,0,RUNNING
M-02,CNC,2026-07-07,Afternoon,36.02,288,82.61,0,RUNNING
M-02,CNC,2026-07-07,Morning,34.79,278,84.55,0,RUNNING
M-02,CNC,2026-07-07,Night,32.56,261,83.37,0,RUNNING
M-02,CNC,2026-07-08,Afternoon,41.7,0,96.7,480,DOWN
M-02,CNC,2026-07-08,Morning,41.94,0,96.49,480,DOWN
M-02,CNC,2026-07-08,Night,40.42,0,98.89,480,DOWN
M-02,CNC,2026-07-09,Afternoon,42.43,339,96.91,0,RUNNING
M-02,CNC,2026-07-09,Morning,41.9,335,98.23,0,RUNNING
M-02,CNC,2026-07-09,Night,42.72,342,96.9,0,RUNNING
M-02,CNC,2026-07-10,Afternoon,42.25,338,97.42,0,RUNNING
M-02,CNC,2026-07-10,Morning,42.81,342,98.66,0,RUNNING
M-02,CNC,2026-07-10,Night,41.89,335,98.88,0,RUNNING
M-02,CNC,2026-07-11,Afternoon,41.95,336,93.14,0,RUNNING
M-02,CNC,2026-07-11,Morning,41.15,329,99.6,0,RUNNING
M-02,CNC,2026-07-11,Night,42.16,337,94.64,0,RUNNING
M-02,CNC,2026-07-12,Afternoon,41.44,332,92.22,0,RUNNING
M-02,CNC,2026-07-12,Morning,43.06,344,94.69,0,RUNNING
M-02,CNC,2026-07-12,Night,41.43,331,91.15,0,RUNNING
M-02,CNC,2026-07-13,Afternoon,42.99,344,96.85,0,RUNNING
M-02,CNC,2026-07-13,Morning,40.0,320,97.52,0,RUNNING
M-02,CNC,2026-07-13,Night,40.78,326,95.9,0,RUNNING
M-02,CNC,2026-07-14,Afternoon,43.89,351,97.75,0,RUNNING
M-02,CNC,2026-07-14,Morning,42.0,336,93.68,0,RUNNING
M-02,CNC,2026-07-14,Night,41.72,334,96.05,0,RUNNING
M-02,CNC,2026-07-15,Afternoon,41.69,334,94.64,0,RUNNING
M-02,CNC,2026-07-15,Morning,42.26,338,91.92,0,RUNNING
M-02,CNC,2026-07-15,Night,40.74,326,95.44,0,RUNNING
M-02,CNC,2026-07-16,Afternoon,41.28,330,97.15,0,RUNNING
M-02,CNC,2026-07-16,Morning,44.27,354,97.28,0,RUNNING
M-02,CNC,2026-07-16,Night,43.76,350,97.85,0,RUNNING
M-02,CNC,2026-07-17,Afternoon,42.88,343,96.79,0,RUNNING
M-02,CNC,2026-07-17,Morning,42.08,337,94.71,0,RUNNING
M-02,CNC,2026-07-17,Night,43.13,345,97.27,0,RUNNING
M-02,CNC,2026-07-18,Afternoon,43.66,349,96.4,0,RUNNING
M-02,CNC,2026-07-18,Morning,43.32,347,94.93,0,RUNNING
M-02,CNC,2026-07-18,Night,44.61,357,94.62,0,RUNNING
M-02,CNC,2026-07-19,Afternoon,41.18,329,95.03,0,RUNNING
M-02,CNC,2026-07-19,Morning,44.19,353,96.4,0,RUNNING
M-02,CNC,2026-07-19,Night,41.6,333,96.85,0,RUNNING
M-02,CNC,2026-07-20,Afternoon,41.97,336,100.0,0,RUNNING
M-02,CNC,2026-07-20,Morning,42.66,341,94.85,0,RUNNING
M-02,CNC,2026-07-20,Night,44.18,353,96.87,0,RUNNING
M-02,CNC,2026-07-21,Afternoon,42.77,342,93.95,0,RUNNING
M-02,CNC,2026-07-21,Morning,42.05,336,96.24,0,RUNNING
M-02,CNC,2026-07-21,Night,41.68,333,92.66,0,RUNNING
M-02,CNC,2026-07-22,Afternoon,41.39,331,99.15,0,RUNNING
M-02,CNC,2026-07-22,Morning,42.5,340,97.29,0,RUNNING
M-02,CNC,2026-07-22,Night,40.46,324,93.07,0,RUNNING
M-02,CNC,2026-07-23,Afternoon,44.12,353,95.08,0,RUNNING
M-02,CNC,2026-07-23,Morning,42.28,338,98.09,0,RUNNING
M-02,CNC,2026-07-23,Night,43.36,347,95.92,0,RUNNING
M-02,CNC,2026-07-24,Afternoon,42.82,343,92.85,0,RUNNING
M-02,CNC,2026-07-24,Morning,41.78,334,97.77,0,RUNNING
M-02,CNC,2026-07-24,Night,43.86,351,98.76,0,RUNNING
M-02,CNC,2026-07-25,Afternoon,42.62,341,96.52,0,RUNNING
M-02,CNC,2026-07-25,Morning,41.21,336,96.79,0,RUNNING
M-02,CNC,2026-07-25,Night,41.31,330,94.66,0,RUNNING
M-02,CNC,2026-07-26,Afternoon,42.68,341,95.26,0,RUNNING
M-02,CNC,2026-07-26,Morning,41.97,336,98.35,0,RUNNING
M-02,CNC,2026-07-26,Night,42.97,344,90.3,0,RUNNING
M-02,CNC,2026-07-27,Afternoon,41.54,332,93.76,0,RUNNING
M-02,CNC,2026-07-27,Morning,43.45,348,92.52,0,RUNNING
M-02,CNC,2026-07-27,Night,40.37,323,98.32,0,RUNNING
M-02,CNC,2026-07-28,Afternoon,41.94,336,96.95,0,RUNNING
M-02,CNC,2026-07-28,Morning,41.41,331,96.69,0,RUNNING
M-02,CNC,2026-07-28,Night,42.1,337,93.43,0,RUNNING
M-02,CNC,2026-07-29,Afternoon,40.04,320,95.14,0,RUNNING
M-02,CNC,2026-07-29,Morning,43.26,346,95.01,0,RUNNING
M-02,CNC,2026-07-29,Night,43.89,351,97.7,0,RUNNING
M-03,PRESS,2026-05-01,Afternoon,64.37,515,100.0,0,RUNNING
M-03,PRESS,2026-05-01,Morning,64.32,515,95.3,0,RUNNING
M-03,PRESS,2026-05-01,Night,65.74,526,96.86,0,RUNNING
M-03,PRESS,2026-05-02,Afternoon,64.49,516,95.61,0,RUNNING
M-03,PRESS,2026-05-02,Morning,67.01,536,96.48,0,RUNNING
M-03,PRESS,2026-05-02,Night,64.86,519,95.93,0,RUNNING
M-03,PRESS,2026-05-03,Afternoon,66.43,531,95.84,0,RUNNING
M-03,PRESS,2026-05-03,Morning,66.42,531,96.1,0,RUNNING
M-03,PRESS,2026-05-03,Night,65.15,521,92.0,0,RUNNING
M-03,PRESS,2026-05-04,Afternoon,66.95,536,90.21,0,RUNNING
M-03,PRESS,2026-05-04,Morning,66.79,534,96.69,0,RUNNING
M-03,PRESS,2026-05-04,Night,69.07,553,95.72,0,RUNNING
M-03,PRESS,2026-05-05,Afternoon,66.19,530,93.89,0,RUNNING
M-03,PRESS,2026-05-05,Morning,67.16,537,93.92,0,RUNNING
M-03,PRESS,2026-05-05,Night,63.78,510,99.83,0,RUNNING
M-03,PRESS,2026-05-06,Afternoon,66.7,534,96.99,0,RUNNING
M-03,PRESS,2026-05-06,Morning,64.63,517,96.43,0,RUNNING
M-03,PRESS,2026-05-06,Night,65.29,522,96.73,0,RUNNING
M-03,PRESS,2026-05-07,Afternoon,65.39,523,98.1,0,RUNNING
M-03,PRESS,2026-05-07,Morning,69.69,557,95.88,0,RUNNING
M-03,PRESS,2026-05-07,Night,67.16,537,98.37,0,RUNNING
M-03,PRESS,2026-05-08,Afternoon,68.19,545,93.71,0,RUNNING
M-03,PRESS,2026-05-08,Morning,66.25,530,93.71,0,RUNNING
M-03,PRESS,2026-05-08,Night,65.59,525,94.49,0,RUNNING
M-03,PRESS,2026-05-09,Afternoon,65.63,525,96.84,0,RUNNING
M-03,PRESS,2026-05-09,Morning,64.87,519,96.66,0,RUNNING
M-03,PRESS,2026-05-09,Night,68.15,545,96.91,0,RUNNING
M-03,PRESS,2026-05-10,Afternoon,67.32,539,93.54,0,RUNNING
M-03,PRESS,2026-05-10,Morning,64.52,516,97.93,0,RUNNING
M-03,PRESS,2026-05-10,Night,66.16,529,97.4,0,RUNNING
M-03,PRESS,2026-05-11,Afternoon,64.71,518,96.25,0,RUNNING
M-03,PRESS,2026-05-11,Morning,64.42,515,98.75,0,RUNNING
M-03,PRESS,2026-05-11,Night,64.66,517,96.03,0,RUNNING
M-03,PRESS,2026-05-12,Afternoon,68.11,545,94.31,0,RUNNING
M-03,PRESS,2026-05-12,Morning,62.86,503,93.12,0,RUNNING
M-03,PRESS,2026-05-12,Night,63.07,505,91.69,0,RUNNING
M-03,PRESS,2026-05-13,Afternoon,68.2,546,98.02,0,RUNNING
M-03,PRESS,2026-05-13,Morning,63.75,510,93.35,0,RUNNING
M-03,PRESS,2026-05-13,Night,63.66,509,100.0,0,RUNNING
M-03,PRESS,2026-05-14,Afternoon,60.13,481,100.0,0,RUNNING
M-03,PRESS,2026-05-14,Morning,66.91,535,95.35,0,RUNNING
M-03,PRESS,2026-05-14,Night,62.29,498,92.71,0,RUNNING
M-03,PRESS,2026-05-15,Afternoon,67.7,542,97.13,0,RUNNING
M-03,PRESS,2026-05-15,Morning,66.99,536,100.0,0,RUNNING
M-03,PRESS,2026-05-15,Night,66.16,529,97.71,0,RUNNING
M-03,PRESS,2026-05-16,Afternoon,65.2,522,95.87,0,RUNNING
M-03,PRESS,2026-05-16,Morning,66.48,532,96.56,0,RUNNING
M-03,PRESS,2026-05-16,Night,63.53,508,95.44,0,RUNNING
M-03,PRESS,2026-05-17,Afternoon,63.07,505,93.79,0,RUNNING
M-03,PRESS,2026-05-17,Morning,61.7,494,95.8,0,RUNNING
M-03,PRESS,2026-05-17,Night,65.35,523,98.78,0,RUNNING
M-03,PRESS,2026-05-18,Afternoon,63.07,505,97.88,0,RUNNING
M-03,PRESS,2026-05-18,Morning,66.79,534,92.86,0,RUNNING
M-03,PRESS,2026-05-18,Night,63.08,505,95.55,0,RUNNING
M-03,PRESS,2026-05-19,Afternoon,65.21,522,93.33,0,RUNNING
M-03,PRESS,2026-05-19,Morning,66.07,529,94.06,0,RUNNING
M-03,PRESS,2026-05-19,Night,63.83,511,96.64,0,RUNNING
M-03,PRESS,2026-05-20,Afternoon,64.96,520,97.1,0,RUNNING
M-03,PRESS,2026-05-20,Morning,61.89,495,96.88,0,RUNNING
M-03,PRESS,2026-05-20,Night,65.44,523,98.73,0,RUNNING
M-03,PRESS,2026-05-21,Afternoon,65.24,522,97.09,0,RUNNING
M-03,PRESS,2026-05-21,Morning,65.24,522,95.14,0,RUNNING
M-03,PRESS,2026-05-21,Night,65.1,521,96.08,0,RUNNING
M-03,PRESS,2026-05-22,Afternoon,62.26,498,99.5,0,RUNNING
M-03,PRESS,2026-05-22,Morning,63.63,509,94.67,0,RUNNING
M-03,PRESS,2026-05-22,Night,62.57,501,94.61,0,RUNNING
M-03,PRESS,2026-05-23,Afternoon,64.42,515,98.5,0,RUNNING
M-03,PRESS,2026-05-23,Morning,63.6,509,97.79,0,RUNNING
M-03,PRESS,2026-05-23,Night,63.69,509,96.56,0,RUNNING
M-03,PRESS,2026-05-24,Afternoon,58.77,470,92.87,0,RUNNING
M-03,PRESS,2026-05-24,Morning,59.41,475,96.54,0,RUNNING
M-03,PRESS,2026-05-24,Night,62.1,497,93.08,0,RUNNING
M-03,PRESS,2026-05-25,Afternoon,56.95,456,88.21,0,RUNNING
M-03,PRESS,2026-05-25,Morning,56.56,452,88.24,0,RUNNING
M-03,PRESS,2026-05-25,Night,58.52,468,92.92,0,RUNNING
M-03,PRESS,2026-05-26,Afternoon,52.67,421,89.91,0,RUNNING
M-03,PRESS,2026-05-26,Morning,51.93,415,82.01,0,RUNNING
M-03,PRESS,2026-05-26,Night,51.54,412,88.03,0,RUNNING
M-03,PRESS,2026-05-27,Afternoon,66.11,0,99.26,480,DOWN
M-03,PRESS,2026-05-27,Morning,68.27,0,94.89,480,DOWN
M-03,PRESS,2026-05-27,Night,64.26,0,95.59,480,DOWN
M-03,PRESS,2026-05-28,Afternoon,63.73,510,93.55,0,RUNNING
M-03,PRESS,2026-05-28,Morning,63.87,511,93.97,0,RUNNING
M-03,PRESS,2026-05-28,Night,65.07,521,94.46,0,RUNNING
M-03,PRESS,2026-05-29,Afternoon,65.65,525,95.78,0,RUNNING
M-03,PRESS,2026-05-29,Morning,65.46,524,92.89,0,RUNNING
M-03,PRESS,2026-05-29,Night,61.11,489,96.75,0,RUNNING
M-03,PRESS,2026-05-30,Afternoon,68.26,546,96.84,0,RUNNING
M-03,PRESS,2026-05-30,Morning,67.39,539,93.58,0,RUNNING
M-03,PRESS,2026-05-30,Night,63.63,509,95.89,0,RUNNING
M-03,PRESS,2026-05-31,Afternoon,66.05,528,94.16,0,RUNNING
M-03,PRESS,2026-05-31,Morning,66.09,529,96.15,0,RUNNING
M-03,PRESS,2026-05-31,Night,65.33,523,93.17,0,RUNNING
M-03,PRESS,2026-06-01,Afternoon,63.57,509,98.47,0,RUNNING
M-03,PRESS,2026-06-01,Morning,64.78,518,94.19,0,RUNNING
M-03,PRESS,2026-06-01,Night,67.13,537,97.22,0,RUNNING
M-03,PRESS,2026-06-02,Afternoon,67.37,539,96.28,0,RUNNING
M-03,PRESS,2026-06-02,Morning,62.87,503,95.37,0,RUNNING
M-03,PRESS,2026-06-02,Night,69.52,556,96.79,0,RUNNING
M-03,PRESS,2026-06-03,Afternoon,65.26,522,95.7,0,RUNNING
M-03,PRESS,2026-06-03,Morning,65.37,523,95.38,0,RUNNING
M-03,PRESS,2026-06-03,Night,66.38,531,97.91,0,RUNNING
M-03,PRESS,2026-06-04,Afternoon,61.42,491,97.02,0,RUNNING
M-03,PRESS,2026-06-04,Morning,63.47,508,93.34,0,RUNNING
M-03,PRESS,2026-06-04,Night,62.85,503,91.69,0,RUNNING
M-03,PRESS,2026-06-05,Afternoon,64.99,520,97.68,0,RUNNING
M-03,PRESS,2026-06-05,Morning,65.76,526,100.0,0,RUNNING
M-03,PRESS,2026-06-05,Night,65.16,521,95.8,0,RUNNING
M-03,PRESS,2026-06-06,Afternoon,65.52,524,96.64,0,RUNNING
M-03,PRESS,2026-06-06,Morning,66.79,534,95.42,0,RUNNING
M-03,PRESS,2026-06-06,Night,63.7,510,97.98,0,RUNNING
M-03,PRESS,2026-06-07,Afternoon,66.05,528,94.2,0,RUNNING
M-03,PRESS,2026-06-07,Morning,64.66,517,94.49,0,RUNNING
M-03,PRESS,2026-06-07,Night,65.05,520,95.98,0,RUNNING
M-03,PRESS,2026-06-08,Afternoon,64.95,520,97.64,0,RUNNING
M-03,PRESS,2026-06-08,Morning,67.12,537,96.95,0,RUNNING
M-03,PRESS,2026-06-08,Night,67.71,542,97.12,0,RUNNING
M-03,PRESS,2026-06-09,Afternoon,62.92,503,95.39,0,RUNNING
M-03,PRESS,2026-06-09,Morning,65.02,520,93.38,0,RUNNING
M-03,PRESS,2026-06-09,Night,63.81,510,95.63,0,RUNNING
M-03,PRESS,2026-06-10,Afternoon,64.86,519,96.97,0,RUNNING
M-03,PRESS,2026-06-10,Morning,65.11,521,97.06,0,RUNNING
M-03,PRESS,2026-06-10,Night,65.13,521,92.05,0,RUNNING
M-03,PRESS,2026-06-11,Afternoon,62.64,501,97.2,0,RUNNING
M-03,PRESS,2026-06-11,Morning,63.17,505,95.71,0,RUNNING
M-03,PRESS,2026-06-11,Night,67.98,544,98.44,0,RUNNING
M-03,PRESS,2026-06-12,Afternoon,65.29,522,95.33,0,RUNNING
M-03,PRESS,2026-06-12,Morning,64.58,517,98.98,0,RUNNING
M-03,PRESS,2026-06-12,Night,63.8,510,95.4,0,RUNNING
M-03,PRESS,2026-06-13,Afternoon,65.31,523,96.01,0,RUNNING
M-03,PRESS,2026-06-13,Morning,64.24,514,96.34,0,RUNNING
M-03,PRESS,2026-06-13,Night,65.85,527,98.38,0,RUNNING
M-03,PRESS,2026-06-14,Afternoon,60.02,480,97.87,0,RUNNING
M-03,PRESS,2026-06-14,Morning,66.85,535,93.03,0,RUNNING
M-03,PRESS,2026-06-14,Night,62.33,499,95.55,0,RUNNING
M-03,PRESS,2026-06-15,Afternoon,66.06,528,97.52,0,RUNNING
M-03,PRESS,2026-06-15,Morning,62.72,502,92.4,0,RUNNING
M-03,PRESS,2026-06-15,Night,63.88,511,90.82,0,RUNNING
M-03,PRESS,2026-06-16,Afternoon,62.12,497,96.37,0,RUNNING
M-03,PRESS,2026-06-16,Morning,63.93,511,96.78,0,RUNNING
M-03,PRESS,2026-06-16,Night,64.97,520,97.16,0,RUNNING
M-03,PRESS,2026-06-17,Afternoon,67.33,539,95.68,0,RUNNING
M-03,PRESS,2026-06-17,Morning,65.23,522,94.05,0,RUNNING
M-03,PRESS,2026-06-17,Night,64.95,520,94.13,0,RUNNING
M-03,PRESS,2026-06-18,Afternoon,64.66,517,99.42,0,RUNNING
M-03,PRESS,2026-06-18,Morning,64.14,513,94.23,0,RUNNING
M-03,PRESS,2026-06-18,Night,62.32,499,92.77,0,RUNNING
M-03,PRESS,2026-06-19,Afternoon,63.7,510,98.08,0,RUNNING
M-03,PRESS,2026-06-19,Morning,67.87,543,95.58,0,RUNNING
M-03,PRESS,2026-06-19,Night,63.82,511,99.65,0,RUNNING
M-03,PRESS,2026-06-20,Afternoon,63.44,508,89.79,0,RUNNING
M-03,PRESS,2026-06-20,Morning,60.8,486,90.02,0,RUNNING
M-03,PRESS,2026-06-20,Night,60.91,487,91.6,0,RUNNING
M-03,PRESS,2026-06-21,Afternoon,54.22,434,84.49,0,RUNNING
M-03,PRESS,2026-06-21,Morning,56.28,450,89.12,0,RUNNING
M-03,PRESS,2026-06-21,Night,54.91,439,84.64,0,RUNNING
M-03,PRESS,2026-06-22,Afternoon,64.29,0,96.37,480,DOWN
M-03,PRESS,2026-06-22,Morning,68.93,0,96.27,480,DOWN
M-03,PRESS,2026-06-22,Night,62.37,0,94.06,480,DOWN
M-03,PRESS,2026-06-23,Afternoon,62.96,504,97.07,0,RUNNING
M-03,PRESS,2026-06-23,Morning,67.34,539,94.69,0,RUNNING
M-03,PRESS,2026-06-23,Night,67.31,538,97.44,0,RUNNING
M-03,PRESS,2026-06-24,Afternoon,62.23,498,99.0,0,RUNNING
M-03,PRESS,2026-06-24,Morning,66.94,536,94.49,0,RUNNING
M-03,PRESS,2026-06-24,Night,64.37,515,95.5,0,RUNNING
M-03,PRESS,2026-06-25,Afternoon,65.89,527,100.0,0,RUNNING
M-03,PRESS,2026-06-25,Morning,67.59,541,97.11,0,RUNNING
M-03,PRESS,2026-06-25,Night,63.75,510,97.86,0,RUNNING
M-03,PRESS,2026-06-26,Afternoon,67.98,544,97.02,0,RUNNING
M-03,PRESS,2026-06-26,Morning,65.11,521,96.54,0,RUNNING
M-03,PRESS,2026-06-26,Night,66.05,528,98.15,0,RUNNING
M-03,PRESS,2026-06-27,Afternoon,62.96,504,92.07,0,RUNNING
M-03,PRESS,2026-06-27,Morning,64.29,514,94.32,0,RUNNING
M-03,PRESS,2026-06-27,Night,69.01,552,93.79,0,RUNNING
M-03,PRESS,2026-06-28,Afternoon,65.6,525,97.63,0,RUNNING
M-03,PRESS,2026-06-28,Morning,64.57,517,95.45,0,RUNNING
M-03,PRESS,2026-06-28,Night,66.68,533,94.83,0,RUNNING
M-03,PRESS,2026-06-29,Afternoon,64.52,516,99.21,0,RUNNING
M-03,PRESS,2026-06-29,Morning,64.67,517,96.57,0,RUNNING
M-03,PRESS,2026-06-29,Night,65.96,528,97.47,0,RUNNING
M-03,PRESS,2026-06-30,Afternoon,65.35,523,93.41,0,RUNNING
M-03,PRESS,2026-06-30,Morning,66.29,530,98.35,0,RUNNING
M-03,PRESS,2026-06-30,Night,65.78,526,94.7,0,RUNNING
M-03,PRESS,2026-07-01,Afternoon,64.61,517,93.54,0,RUNNING
M-03,PRESS,2026-07-01,Morning,61.3,490,94.67,0,RUNNING
M-03,PRESS,2026-07-01,Night,62.87,503,96.9,0,RUNNING
M-03,PRESS,2026-07-02,Afternoon,60.59,485,87.48,0,RUNNING
M-03,PRESS,2026-07-02,Morning,60.01,480,96.2,0,RUNNING
M-03,PRESS,2026-07-02,Night,60.93,487,91.76,0,RUNNING
M-03,PRESS,2026-07-03,Afternoon,56.64,453,86.05,0,RUNNING
M-03,PRESS,2026-07-03,Morning,59.08,473,89.85,0,RUNNING
M-03,PRESS,2026-07-03,Night,56.52,452,86.8,0,RUNNING
M-03,PRESS,2026-07-04,Afternoon,56.88,455,86.79,0,RUNNING
M-03,PRESS,2026-07-04,Morning,53.22,426,87.18,0,RUNNING
M-03,PRESS,2026-07-04,Night,52.22,418,86.89,0,RUNNING
M-03,PRESS,2026-07-05,Afternoon,51.25,410,83.53,0,RUNNING
M-03,PRESS,2026-07-05,Morning,53.31,426,82.28,0,RUNNING
M-03,PRESS,2026-07-05,Night,50.25,402,84.8,0,RUNNING
M-03,PRESS,2026-07-06,Afternoon,63.27,0,95.13,480,DOWN
M-03,PRESS,2026-07-06,Morning,64.76,0,96.84,480,DOWN
M-03,PRESS,2026-07-06,Night,66.41,0,95.25,480,DOWN
M-03,PRESS,2026-07-07,Afternoon,65.44,524,97.87,0,RUNNING
M-03,PRESS,2026-07-07,Morning,68.37,547,95.2,0,RUNNING
M-03,PRESS,2026-07-07,Night,62.23,498,92.48,0,RUNNING
M-03,PRESS,2026-07-08,Afternoon,63.92,511,100.0,0,RUNNING
M-03,PRESS,2026-07-08,Morning,62.02,496,98.53,0,RUNNING
M-03,PRESS,2026-07-08,Night,63.9,511,96.37,0,RUNNING
M-03,PRESS,2026-07-09,Afternoon,69.02,552,98.42,0,RUNNING
M-03,PRESS,2026-07-09,Morning,68.01,544,100.0,0,RUNNING
M-03,PRESS,2026-07-09,Night,67.0,536,97.19,0,RUNNING
M-03,PRESS,2026-07-10,Afternoon,63.4,507,95.99,0,RUNNING
M-03,PRESS,2026-07-10,Morning,66.52,532,94.9,0,RUNNING
M-03,PRESS,2026-07-10,Night,64.67,517,95.09,0,RUNNING
M-03,PRESS,2026-07-11,Afternoon,65.17,521,98.96,0,RUNNING
M-03,PRESS,2026-07-11,Morning,66.36,531,97.91,0,RUNNING
M-03,PRESS,2026-07-11,Night,62.77,502,95.61,0,RUNNING
M-03,PRESS,2026-07-12,Afternoon,64.84,519,95.76,0,RUNNING
M-03,PRESS,2026-07-12,Morning,63.6,509,92.27,0,RUNNING
M-03,PRESS,2026-07-12,Night,67.95,544,97.26,0,RUNNING
M-03,PRESS,2026-07-13,Afternoon,67.38,539,97.16,0,RUNNING
M-03,PRESS,2026-07-13,Morning,63.0,504,99.71,0,RUNNING
M-03,PRESS,2026-07-13,Night,64.56,516,94.08,0,RUNNING
M-03,PRESS,2026-07-14,Afternoon,68.67,549,99.09,0,RUNNING
M-03,PRESS,2026-07-14,Morning,64.27,514,98.18,0,RUNNING
M-03,PRESS,2026-07-14,Night,64.05,512,93.76,0,RUNNING
M-03,PRESS,2026-07-15,Afternoon,65.63,525,95.7,0,RUNNING
M-03,PRESS,2026-07-15,Morning,65.27,522,92.46,0,RUNNING
M-03,PRESS,2026-07-15,Night,64.09,513,92.81,0,RUNNING
M-03,PRESS,2026-07-16,Afternoon,62.72,502,90.26,0,RUNNING
M-03,PRESS,2026-07-16,Morning,66.0,528,94.93,0,RUNNING
M-03,PRESS,2026-07-16,Night,64.95,520,99.54,0,RUNNING
M-03,PRESS,2026-07-17,Afternoon,63.83,511,96.94,0,RUNNING
M-03,PRESS,2026-07-17,Morning,68.24,546,95.09,0,RUNNING
M-03,PRESS,2026-07-17,Night,63.05,504,96.6,0,RUNNING
M-03,PRESS,2026-07-18,Afternoon,64.8,518,95.59,0,RUNNING
M-03,PRESS,2026-07-18,Morning,66.49,532,98.45,0,RUNNING
M-03,PRESS,2026-07-18,Night,63.29,506,94.35,0,RUNNING
M-03,PRESS,2026-07-19,Afternoon,66.78,534,94.39,0,RUNNING
M-03,PRESS,2026-07-19,Morning,64.56,516,96.73,0,RUNNING
M-03,PRESS,2026-07-19,Night,67.91,543,95.46,0,RUNNING
M-03,PRESS,2026-07-20,Afternoon,60.27,482,97.77,0,RUNNING
M-03,PRESS,2026-07-20,Morning,64.96,520,94.51,0,RUNNING
M-03,PRESS,2026-07-20,Night,66.44,531,95.44,0,RUNNING
M-03,PRESS,2026-07-21,Afternoon,61.95,496,94.94,0,RUNNING
M-03,PRESS,2026-07-21,Morning,65.13,521,97.03,0,RUNNING
M-03,PRESS,2026-07-21,Night,66.55,532,93.49,0,RUNNING
M-03,PRESS,2026-07-22,Afternoon,65.91,527,95.93,0,RUNNING
M-03,PRESS,2026-07-22,Morning,65.57,525,93.29,0,RUNNING
M-03,PRESS,2026-07-22,Night,61.85,495,98.33,0,RUNNING
M-03,PRESS,2026-07-23,Afternoon,65.39,523,98.3,0,RUNNING
M-03,PRESS,2026-07-23,Morning,63.57,509,94.38,0,RUNNING
M-03,PRESS,2026-07-23,Night,63.02,504,96.12,0,RUNNING
M-03,PRESS,2026-07-24,Afternoon,65.34,523,95.27,0,RUNNING
M-03,PRESS,2026-07-24,Morning,65.84,527,97.39,0,RUNNING
M-03,PRESS,2026-07-24,Night,63.39,507,96.17,0,RUNNING
M-03,PRESS,2026-07-25,Afternoon,65.85,527,97.81,0,RUNNING
M-03,PRESS,2026-07-25,Morning,62.91,503,90.16,0,RUNNING
M-03,PRESS,2026-07-25,Night,60.39,483,93.98,0,RUNNING
M-03,PRESS,2026-07-26,Afternoon,65.04,520,94.54,0,RUNNING
M-03,PRESS,2026-07-26,Morning,66.21,530,100.0,0,RUNNING
M-03,PRESS,2026-07-26,Night,64.64,517,98.75,0,RUNNING
M-03,PRESS,2026-07-27,Afternoon,64.06,512,94.09,0,RUNNING
M-03,PRESS,2026-07-27,Morning,63.74,510,94.4,0,RUNNING
M-03,PRESS,2026-07-27,Night,65.24,522,99.25,0,RUNNING
M-03,PRESS,2026-07-28,Afternoon,64.43,515,92.87,0,RUNNING
M-03,PRESS,2026-07-28,Morning,65.63,525,95.78,0,RUNNING
M-03,PRESS,2026-07-28,Night,66.72,534,95.84,0,RUNNING
M-03,PRESS,2026-07-29,Afternoon,65.58,525,94.5,0,RUNNING
M-03,PRESS,2026-07-29,Morning,64.65,517,100.0,0,RUNNING
M-03,PRESS,2026-07-29,Night,64.17,513,98.3,0,RUNNING
M-04,PRESS,2026-05-01,Afternoon,66.79,534,94.66,0,RUNNING
M-04,PRESS,2026-05-01,Morning,65.22,522,93.12,0,RUNNING
M-04,PRESS,2026-05-01,Night,68.65,549,98.16,0,RUNNING
M-04,PRESS,2026-05-02,Afternoon,65.13,521,97.71,0,RUNNING
M-04,PRESS,2026-05-02,Morning,64.13,513,98.56,0,RUNNING
M-04,PRESS,2026-05-02,Night,65.95,528,94.31,0,RUNNING
M-04,PRESS,2026-05-03,Afternoon,64.35,515,95.19,0,RUNNING
M-04,PRESS,2026-05-03,Morning,63.75,510,98.06,0,RUNNING
M-04,PRESS,2026-05-03,Night,63.14,505,96.85,0,RUNNING
M-04,PRESS,2026-05-04,Afternoon,65.05,520,98.82,0,RUNNING
M-04,PRESS,2026-05-04,Morning,69.02,552,93.86,0,RUNNING
M-04,PRESS,2026-05-04,Night,64.84,519,96.9,0,RUNNING
M-04,PRESS,2026-05-05,Afternoon,59.25,474,92.97,0,RUNNING
M-04,PRESS,2026-05-05,Morning,57.68,461,91.86,0,RUNNING
M-04,PRESS,2026-05-05,Night,61.71,494,96.18,0,RUNNING
M-04,PRESS,2026-05-06,Afternoon,54.48,436,85.29,0,RUNNING
M-04,PRESS,2026-05-06,Morning,55.11,441,86.65,0,RUNNING
M-04,PRESS,2026-05-06,Night,54.72,438,85.41,0,RUNNING
M-04,PRESS,2026-05-07,Afternoon,63.04,126,98.28,360,MAINTENANCE
M-04,PRESS,2026-05-07,Morning,65.33,131,98.64,360,MAINTENANCE
M-04,PRESS,2026-05-07,Night,67.57,135,95.76,360,MAINTENANCE
M-04,PRESS,2026-05-08,Afternoon,67.53,540,95.95,0,RUNNING
M-04,PRESS,2026-05-08,Morning,60.86,487,94.78,0,RUNNING
M-04,PRESS,2026-05-08,Night,63.05,504,94.99,0,RUNNING
M-04,PRESS,2026-05-09,Afternoon,64.53,516,95.27,0,RUNNING
M-04,PRESS,2026-05-09,Morning,66.64,533,97.09,0,RUNNING
M-04,PRESS,2026-05-09,Night,64.24,514,94.16,0,RUNNING
M-04,PRESS,2026-05-10,Afternoon,67.37,539,99.04,0,RUNNING
M-04,PRESS,2026-05-10,Morning,68.15,545,95.36,0,RUNNING
M-04,PRESS,2026-05-10,Night,66.95,536,95.14,0,RUNNING
M-04,PRESS,2026-05-11,Afternoon,63.24,506,96.65,0,RUNNING
M-04,PRESS,2026-05-11,Morning,65.79,526,95.95,0,RUNNING
M-04,PRESS,2026-05-11,Night,62.7,502,98.38,0,RUNNING
M-04,PRESS,2026-05-12,Afternoon,65.55,524,95.48,0,RUNNING
M-04,PRESS,2026-05-12,Morning,64.09,513,96.4,0,RUNNING
M-04,PRESS,2026-05-12,Night,66.14,529,95.05,0,RUNNING
M-04,PRESS,2026-05-13,Afternoon,65.25,522,99.88,0,RUNNING
M-04,PRESS,2026-05-13,Morning,66.7,534,93.31,0,RUNNING
M-04,PRESS,2026-05-13,Night,63.05,504,94.64,0,RUNNING
M-04,PRESS,2026-05-14,Afternoon,65.68,525,96.98,0,RUNNING
M-04,PRESS,2026-05-14,Morning,66.0,528,96.36,0,RUNNING
M-04,PRESS,2026-05-14,Night,66.24,530,98.22,0,RUNNING
M-04,PRESS,2026-05-15,Afternoon,66.31,530,99.8,0,RUNNING
M-04,PRESS,2026-05-15,Morning,65.8,526,95.52,0,RUNNING
M-04,PRESS,2026-05-15,Night,64.74,518,94.05,0,RUNNING
M-04,PRESS,2026-05-16,Afternoon,60.76,486,97.69,0,RUNNING
M-04,PRESS,2026-05-16,Morning,67.16,537,95.76,0,RUNNING
M-04,PRESS,2026-05-16,Night,63.96,512,95.82,0,RUNNING
M-04,PRESS,2026-05-17,Afternoon,66.38,531,95.13,0,RUNNING
M-04,PRESS,2026-05-17,Morning,65.65,525,96.38,0,RUNNING
M-04,PRESS,2026-05-17,Night,66.0,528,95.48,0,RUNNING
M-04,PRESS,2026-05-18,Afternoon,63.18,505,98.17,0,RUNNING
M-04,PRESS,2026-05-18,Morning,66.44,532,97.23,0,RUNNING
M-04,PRESS,2026-05-18,Night,63.95,512,97.62,0,RUNNING
M-04,PRESS,2026-05-19,Afternoon,64.56,517,95.3,0,RUNNING
M-04,PRESS,2026-05-19,Morning,65.72,526,99.68,0,RUNNING
M-04,PRESS,2026-05-19,Night,64.96,520,95.39,0,RUNNING
M-04,PRESS,2026-05-20,Afternoon,62.95,504,93.86,0,RUNNING
M-04,PRESS,2026-05-20,Morning,66.56,532,92.77,0,RUNNING
M-04,PRESS,2026-05-20,Night,66.85,535,99.42,0,RUNNING
M-04,PRESS,2026-05-21,Afternoon,65.14,521,98.32,0,RUNNING
M-04,PRESS,2026-05-21,Morning,64.8,518,95.66,0,RUNNING
M-04,PRESS,2026-05-21,Night,63.19,506,96.48,0,RUNNING
M-04,PRESS,2026-05-22,Afternoon,65.37,523,98.0,0,RUNNING
M-04,PRESS,2026-05-22,Morning,66.9,535,97.0,0,RUNNING
M-04,PRESS,2026-05-22,Night,59.73,478,97.36,0,RUNNING
M-04,PRESS,2026-05-23,Afternoon,66.0,528,98.75,0,RUNNING
M-04,PRESS,2026-05-23,Morning,63.72,510,92.34,0,RUNNING
M-04,PRESS,2026-05-23,Night,64.73,518,97.91,0,RUNNING
M-04,PRESS,2026-05-24,Afternoon,68.2,546,97.48,0,RUNNING
M-04,PRESS,2026-05-24,Morning,68.14,545,98.63,0,RUNNING
M-04,PRESS,2026-05-24,Night,65.15,521,92.8,0,RUNNING
M-04,PRESS,2026-05-25,Afternoon,69.23,554,95.65,0,RUNNING
M-04,PRESS,2026-05-25,Morning,64.52,516,94.31,0,RUNNING
M-04,PRESS,2026-05-25,Night,65.24,522,97.1,0,RUNNING
M-04,PRESS,2026-05-26,Afternoon,63.79,510,96.39,0,RUNNING
M-04,PRESS,2026-05-26,Morning,65.09,521,99.39,0,RUNNING
M-04,PRESS,2026-05-26,Night,63.55,508,93.36,0,RUNNING
M-04,PRESS,2026-05-27,Afternoon,64.16,513,94.62,0,RUNNING
M-04,PRESS,2026-05-27,Morning,63.81,510,95.93,0,RUNNING
M-04,PRESS,2026-05-27,Night,62.26,498,95.83,0,RUNNING
M-04,PRESS,2026-05-28,Afternoon,65.16,521,93.08,0,RUNNING
M-04,PRESS,2026-05-28,Morning,62.07,497,97.52,0,RUNNING
M-04,PRESS,2026-05-28,Night,64.4,515,94.5,0,RUNNING
M-04,PRESS,2026-05-29,Afternoon,61.34,491,96.23,0,RUNNING
M-04,PRESS,2026-05-29,Morning,65.62,525,98.68,0,RUNNING
M-04,PRESS,2026-05-29,Night,64.69,518,97.34,0,RUNNING
M-04,PRESS,2026-05-30,Afternoon,64.38,515,94.41,0,RUNNING
M-04,PRESS,2026-05-30,Morning,65.42,523,94.5,0,RUNNING
M-04,PRESS,2026-05-30,Night,67.1,537,96.04,0,RUNNING
M-04,PRESS,2026-05-31,Afternoon,63.62,509,92.97,0,RUNNING
M-04,PRESS,2026-05-31,Morning,68.71,550,95.88,0,RUNNING
M-04,PRESS,2026-05-31,Night,61.48,492,92.83,0,RUNNING
M-04,PRESS,2026-06-01,Afternoon,61.92,495,97.79,0,RUNNING
M-04,PRESS,2026-06-01,Morning,65.52,524,97.02,0,RUNNING
M-04,PRESS,2026-06-01,Night,64.06,512,96.29,0,RUNNING
M-04,PRESS,2026-06-02,Afternoon,64.48,516,94.22,0,RUNNING
M-04,PRESS,2026-06-02,Morning,68.14,520,97.79,0,RUNNING
M-04,PRESS,2026-06-02,Night,60.8,486,94.56,0,RUNNING
M-04,PRESS,2026-06-03,Afternoon,64.74,518,96.15,0,RUNNING
M-04,PRESS,2026-06-03,Morning,64.59,517,94.03,0,RUNNING
M-04,PRESS,2026-06-03,Night,64.56,516,94.7,0,RUNNING
M-04,PRESS,2026-06-04,Afternoon,62.87,503,98.82,0,RUNNING
M-04,PRESS,2026-06-04,Morning,65.33,523,96.88,0,RUNNING
M-04,PRESS,2026-06-04,Night,64.81,518,96.04,0,RUNNING
M-04,PRESS,2026-06-05,Afternoon,66.86,535,96.57,0,RUNNING
M-04,PRESS,2026-06-05,Morning,66.38,531,96.47,0,RUNNING
M-04,PRESS,2026-06-05,Night,63.81,510,95.89,0,RUNNING
M-04,PRESS,2026-06-06,Afternoon,64.94,519,95.58,0,RUNNING
M-04,PRESS,2026-06-06,Morning,62.77,502,96.22,0,RUNNING
M-04,PRESS,2026-06-06,Night,64.75,518,92.24,0,RUNNING
M-04,PRESS,2026-06-07,Afternoon,65.31,522,93.94,0,RUNNING
M-04,PRESS,2026-06-07,Morning,63.93,511,96.19,0,RUNNING
M-04,PRESS,2026-06-07,Night,67.47,540,94.27,0,RUNNING
M-04,PRESS,2026-06-08,Afternoon,63.74,510,99.55,0,RUNNING
M-04,PRESS,2026-06-08,Morning,66.89,535,96.85,0,RUNNING
M-04,PRESS,2026-06-08,Night,62.67,501,97.84,0,RUNNING
M-04,PRESS,2026-06-09,Afternoon,67.72,542,95.5,0,RUNNING
M-04,PRESS,2026-06-09,Morning,66.95,536,94.66,0,RUNNING
M-04,PRESS,2026-06-09,Night,65.56,525,96.52,0,RUNNING
M-04,PRESS,2026-06-10,Afternoon,66.55,532,92.5,0,RUNNING
M-04,PRESS,2026-06-10,Morning,64.74,518,97.62,0,RUNNING
M-04,PRESS,2026-06-10,Night,67.54,540,92.68,0,RUNNING
M-04,PRESS,2026-06-11,Afternoon,62.87,503,95.18,0,RUNNING
M-04,PRESS,2026-06-11,Morning,67.01,536,98.25,0,RUNNING
M-04,PRESS,2026-06-11,Night,62.84,503,95.57,0,RUNNING
M-04,PRESS,2026-06-12,Afternoon,67.56,540,98.79,0,RUNNING
M-04,PRESS,2026-06-12,Morning,64.4,515,97.56,0,RUNNING
M-04,PRESS,2026-06-12,Night,63.9,511,95.58,0,RUNNING
M-04,PRESS,2026-06-13,Afternoon,66.88,535,99.23,0,RUNNING
M-04,PRESS,2026-06-13,Morning,61.72,494,94.39,0,RUNNING
M-04,PRESS,2026-06-13,Night,62.59,501,94.82,0,RUNNING
M-04,PRESS,2026-06-14,Afternoon,63.42,507,96.85,0,RUNNING
M-04,PRESS,2026-06-14,Morning,64.95,520,96.56,0,RUNNING
M-04,PRESS,2026-06-14,Night,64.08,513,95.97,0,RUNNING
M-04,PRESS,2026-06-15,Afternoon,64.15,513,95.78,0,RUNNING
M-04,PRESS,2026-06-15,Morning,66.07,529,96.01,0,RUNNING
M-04,PRESS,2026-06-15,Night,64.83,519,95.26,0,RUNNING
M-04,PRESS,2026-06-16,Afternoon,66.09,529,95.41,0,RUNNING
M-04,PRESS,2026-06-16,Morning,64.5,516,99.2,0,RUNNING
M-04,PRESS,2026-06-16,Night,66.36,531,95.33,0,RUNNING
M-04,PRESS,2026-06-17,Afternoon,64.79,518,96.9,0,RUNNING
M-04,PRESS,2026-06-17,Morning,67.29,538,96.74,0,RUNNING
M-04,PRESS,2026-06-17,Night,61.94,495,93.75,0,RUNNING
M-04,PRESS,2026-06-18,Afternoon,68.38,547,100.0,0,RUNNING
M-04,PRESS,2026-06-18,Morning,62.67,501,96.29,0,RUNNING
M-04,PRESS,2026-06-18,Night,66.24,530,97.0,0,RUNNING
M-04,PRESS,2026-06-19,Afternoon,63.46,508,94.76,0,RUNNING
M-04,PRESS,2026-06-19,Morning,61.49,492,94.91,0,RUNNING
M-04,PRESS,2026-06-19,Night,64.67,517,95.89,0,RUNNING
M-04,PRESS,2026-06-20,Afternoon,62.91,503,96.48,0,RUNNING
M-04,PRESS,2026-06-20,Morning,61.14,489,97.5,0,RUNNING
M-04,PRESS,2026-06-20,Night,69.04,552,94.16,0,RUNNING
M-04,PRESS,2026-06-21,Afternoon,67.15,537,99.92,0,RUNNING
M-04,PRESS,2026-06-21,Morning,60.07,481,95.43,0,RUNNING
M-04,PRESS,2026-06-21,Night,62.6,501,96.99,0,RUNNING
M-04,PRESS,2026-06-22,Afternoon,70.16,561,92.99,0,RUNNING
M-04,PRESS,2026-06-22,Morning,64.09,513,95.79,0,RUNNING
M-04,PRESS,2026-06-22,Night,65.49,524,96.94,0,RUNNING
M-04,PRESS,2026-06-23,Afternoon,65.6,525,95.22,0,RUNNING
M-04,PRESS,2026-06-23,Morning,67.12,537,96.2,0,RUNNING
M-04,PRESS,2026-06-23,Night,65.52,524,95.31,0,RUNNING
M-04,PRESS,2026-06-24,Afternoon,65.74,526,95.94,0,RUNNING
M-04,PRESS,2026-06-24,Morning,66.21,530,95.26,0,RUNNING
M-04,PRESS,2026-06-24,Night,67.2,538,95.9,0,RUNNING
M-04,PRESS,2026-06-25,Afternoon,63.23,506,94.69,0,RUNNING
M-04,PRESS,2026-06-25,Morning,61.54,492,98.52,0,RUNNING
M-04,PRESS,2026-06-25,Night,63.84,511,98.75,0,RUNNING
M-04,PRESS,2026-06-26,Afternoon,63.71,510,93.45,0,RUNNING
M-04,PRESS,2026-06-26,Morning,57.79,462,99.28,0,RUNNING
M-04,PRESS,2026-06-26,Night,61.65,493,93.57,0,RUNNING
M-04,PRESS,2026-06-27,Afternoon,59.48,476,90.18,0,RUNNING
M-04,PRESS,2026-06-27,Morning,59.41,475,91.29,0,RUNNING
M-04,PRESS,2026-06-27,Night,58.15,465,89.7,0,RUNNING
M-04,PRESS,2026-06-28,Afternoon,56.23,450,81.12,0,RUNNING
M-04,PRESS,2026-06-28,Morning,54.93,439,89.27,0,RUNNING
M-04,PRESS,2026-06-28,Night,56.34,451,87.39,0,RUNNING
M-04,PRESS,2026-06-29,Afternoon,53.75,430,85.9,0,RUNNING
M-04,PRESS,2026-06-29,Morning,51.97,416,83.22,0,RUNNING
M-04,PRESS,2026-06-29,Night,50.79,406,84.81,0,RUNNING
M-04,PRESS,2026-06-30,Afternoon,63.78,0,97.72,480,DOWN
M-04,PRESS,2026-06-30,Morning,63.11,0,93.24,480,DOWN
M-04,PRESS,2026-06-30,Night,66.86,0,97.03,480,DOWN
M-04,PRESS,2026-07-01,Afternoon,63.75,510,96.86,0,RUNNING
M-04,PRESS,2026-07-01,Morning,66.41,531,97.03,0,RUNNING
M-04,PRESS,2026-07-01,Night,66.56,532,97.51,0,RUNNING
M-04,PRESS,2026-07-02,Afternoon,65.69,525,98.14,0,RUNNING
M-04,PRESS,2026-07-02,Morning,67.32,539,97.42,0,RUNNING
M-04,PRESS,2026-07-02,Night,64.95,520,94.24,0,RUNNING
M-04,PRESS,2026-07-03,Afternoon,63.68,509,95.71,0,RUNNING
M-04,PRESS,2026-07-03,Morning,64.68,517,94.51,0,RUNNING
M-04,PRESS,2026-07-03,Night,63.45,508,95.38,0,RUNNING
M-04,PRESS,2026-07-04,Afternoon,65.0,520,94.37,0,RUNNING
M-04,PRESS,2026-07-04,Morning,61.31,490,96.43,0,RUNNING
M-04,PRESS,2026-07-04,Night,66.29,530,97.88,0,RUNNING
M-04,PRESS,2026-07-05,Afternoon,63.5,508,94.12,0,RUNNING
M-04,PRESS,2026-07-05,Morning,61.87,495,94.47,0,RUNNING
M-04,PRESS,2026-07-05,Night,66.62,533,95.61,0,RUNNING
M-04,PRESS,2026-07-06,Afternoon,66.24,530,93.52,0,RUNNING
M-04,PRESS,2026-07-06,Morning,64.48,516,91.99,0,RUNNING
M-04,PRESS,2026-07-06,Night,65.12,521,96.55,0,RUNNING
M-04,PRESS,2026-07-07,Afternoon,59.11,473,96.37,0,RUNNING
M-04,PRESS,2026-07-07,Morning,67.65,541,93.38,0,RUNNING
M-04,PRESS,2026-07-07,Night,68.51,548,98.48,0,RUNNING
M-04,PRESS,2026-07-08,Afternoon,66.57,533,94.05,0,RUNNING
M-04,PRESS,2026-07-08,Morning,65.41,523,95.02,0,RUNNING
M-04,PRESS,2026-07-08,Night,65.93,527,97.01,0,RUNNING
M-04,PRESS,2026-07-09,Afternoon,65.77,526,94.98,0,RUNNING
M-04,PRESS,2026-07-09,Morning,67.07,537,100.0,0,RUNNING
M-04,PRESS,2026-07-09,Night,64.95,520,92.46,0,RUNNING
M-04,PRESS,2026-07-10,Afternoon,63.98,512,96.3,0,RUNNING
M-04,PRESS,2026-07-10,Morning,63.65,509,95.18,0,RUNNING
M-04,PRESS,2026-07-10,Night,63.4,507,98.24,0,RUNNING
M-04,PRESS,2026-07-11,Afternoon,64.36,515,96.31,0,RUNNING
M-04,PRESS,2026-07-11,Morning,65.0,520,95.98,0,RUNNING
M-04,PRESS,2026-07-11,Night,66.61,533,94.27,0,RUNNING
M-04,PRESS,2026-07-12,Afternoon,62.38,499,94.36,0,RUNNING
M-04,PRESS,2026-07-12,Morning,63.72,510,95.39,0,RUNNING
M-04,PRESS,2026-07-12,Night,64.07,513,97.75,0,RUNNING
M-04,PRESS,2026-07-13,Afternoon,66.66,533,95.73,0,RUNNING
M-04,PRESS,2026-07-13,Morning,65.51,524,96.39,0,RUNNING
M-04,PRESS,2026-07-13,Night,65.76,526,95.79,0,RUNNING
M-04,PRESS,2026-07-14,Afternoon,60.24,482,95.73,0,RUNNING
M-04,PRESS,2026-07-14,Morning,65.52,524,94.83,0,RUNNING
M-04,PRESS,2026-07-14,Night,67.77,542,97.85,0,RUNNING
M-04,PRESS,2026-07-15,Afternoon,65.17,521,96.39,0,RUNNING
M-04,PRESS,2026-07-15,Morning,66.88,535,98.47,0,RUNNING
M-04,PRESS,2026-07-15,Night,63.8,510,95.37,0,RUNNING
M-04,PRESS,2026-07-16,Afternoon,64.73,518,95.1,0,RUNNING
M-04,PRESS,2026-07-16,Morning,66.2,530,98.41,0,RUNNING
M-04,PRESS,2026-07-16,Night,65.0,520,97.2,0,RUNNING
M-04,PRESS,2026-07-17,Afternoon,63.93,511,93.56,0,RUNNING
M-04,PRESS,2026-07-17,Morning,62.18,497,91.41,0,RUNNING
M-04,PRESS,2026-07-17,Night,64.01,512,95.7,0,RUNNING
M-04,PRESS,2026-07-18,Afternoon,65.64,525,96.6,0,RUNNING
M-04,PRESS,2026-07-18,Morning,64.12,513,98.9,0,RUNNING
M-04,PRESS,2026-07-18,Night,66.21,530,93.72,0,RUNNING
M-04,PRESS,2026-07-19,Afternoon,66.31,530,93.86,0,RUNNING
M-04,PRESS,2026-07-19,Morning,67.03,536,95.85,0,RUNNING
M-04,PRESS,2026-07-19,Night,61.97,496,97.64,0,RUNNING
M-04,PRESS,2026-07-20,Afternoon,63.3,506,98.25,0,RUNNING
M-04,PRESS,2026-07-20,Morning,65.73,526,94.2,0,RUNNING
M-04,PRESS,2026-07-20,Night,62.68,501,99.29,0,RUNNING
M-04,PRESS,2026-07-21,Afternoon,64.36,515,97.21,0,RUNNING
M-04,PRESS,2026-07-21,Morning,63.24,506,97.28,0,RUNNING
M-04,PRESS,2026-07-21,Night,63.94,512,95.67,0,RUNNING
M-04,PRESS,2026-07-22,Afternoon,66.44,532,94.97,0,RUNNING
M-04,PRESS,2026-07-22,Morning,65.08,521,94.0,0,RUNNING
M-04,PRESS,2026-07-22,Night,64.55,516,94.01,0,RUNNING
M-04,PRESS,2026-07-23,Afternoon,69.7,558,97.57,0,RUNNING
M-04,PRESS,2026-07-23,Morning,60.0,480,95.62,0,RUNNING
M-04,PRESS,2026-07-23,Night,64.96,520,95.47,0,RUNNING
M-04,PRESS,2026-07-24,Afternoon,62.7,502,98.23,0,RUNNING
M-04,PRESS,2026-07-24,Morning,65.04,520,97.09,0,RUNNING
M-04,PRESS,2026-07-24,Night,66.39,531,97.44,0,RUNNING
M-04,PRESS,2026-07-25,Afternoon,66.31,530,97.18,0,RUNNING
M-04,PRESS,2026-07-25,Morning,65.86,527,96.04,0,RUNNING
M-04,PRESS,2026-07-25,Night,64.31,514,94.85,0,RUNNING
M-04,PRESS,2026-07-26,Afternoon,62.58,501,93.06,0,RUNNING
M-04,PRESS,2026-07-26,Morning,65.2,522,99.1,0,RUNNING
M-04,PRESS,2026-07-26,Night,65.32,523,96.1,0,RUNNING
M-04,PRESS,2026-07-27,Afternoon,64.56,517,98.98,0,RUNNING
M-04,PRESS,2026-07-27,Morning,65.34,523,96.49,0,RUNNING
M-04,PRESS,2026-07-27,Night,61.88,495,94.34,0,RUNNING
M-04,PRESS,2026-07-28,Afternoon,64.66,517,99.32,0,RUNNING
M-04,PRESS,2026-07-28,Morning,64.8,518,92.71,0,RUNNING
M-04,PRESS,2026-07-28,Night,65.04,520,96.46,0,RUNNING
M-04,PRESS,2026-07-29,Afternoon,64.27,514,95.36,0,RUNNING
M-04,PRESS,2026-07-29,Morning,62.54,500,94.77,0,RUNNING
M-04,PRESS,2026-07-29,Night,67.5,540,97.12,0,RUNNING
M-05,INJECTION_MOLDER,2026-05-01,Afternoon,121.79,974,98.28,0,RUNNING
M-05,INJECTION_MOLDER,2026-05-01,Morning,116.0,928,96.49,0,RUNNING
M-05,INJECTION_MOLDER,2026-05-01,Night,125.69,1006,93.97,0,RUNNING
M-05,INJECTION_MOLDER,2026-05-02,Afternoon,119.16,953,96.93,0,RUNNING
M-05,INJECTION_MOLDER,2026-05-02,Morning,117.08,937,93.48,0,RUNNING
M-05,INJECTION_MOLDER,2026-05-02,Night,123.55,988,95.85,0,RUNNING
M-05,INJECTION_MOLDER,2026-05-03,Afternoon,116.99,936,100.0,0,RUNNING
M-05,INJECTION_MOLDER,2026-05-03,Morning,118.85,951,96.3,0,RUNNING
M-05,INJECTION_MOLDER,2026-05-03,Night,114.21,914,96.37,0,RUNNING
M-05,INJECTION_MOLDER,2026-05-04,Afternoon,119.32,955,95.29,0,RUNNING
M-05,INJECTION_MOLDER,2026-05-04,Morning,127.28,1018,96.01,0,RUNNING
M-05,INJECTION_MOLDER,2026-05-04,Night,119.35,955,98.75,0,RUNNING
M-05,INJECTION_MOLDER,2026-05-05,Afternoon,114.87,919,95.47,0,RUNNING
M-05,INJECTION_MOLDER,2026-05-05,Morning,112.04,896,99.07,0,RUNNING
M-05,INJECTION_MOLDER,2026-05-05,Night,118.45,948,97.18,0,RUNNING
M-05,INJECTION_MOLDER,2026-05-06,Afternoon,119.33,955,89.52,0,RUNNING
M-05,INJECTION_MOLDER,2026-05-06,Morning,107.11,857,93.17,0,RUNNING
M-05,INJECTION_MOLDER,2026-05-06,Night,113.14,905,90.93,0,RUNNING
M-05,INJECTION_MOLDER,2026-05-07,Afternoon,102.98,824,89.48,0,RUNNING
M-05,INJECTION_MOLDER,2026-05-07,Morning,106.34,851,88.54,0,RUNNING
M-05,INJECTION_MOLDER,2026-05-07,Night,110.68,885,88.12,0,RUNNING
M-05,INJECTION_MOLDER,2026-05-08,Afternoon,94.7,758,85.69,0,RUNNING
M-05,INJECTION_MOLDER,2026-05-08,Morning,99.61,797,82.16,0,RUNNING
M-05,INJECTION_MOLDER,2026-05-08,Night,101.84,815,85.46,0,RUNNING
M-05,INJECTION_MOLDER,2026-05-09,Afternoon,115.5,0,97.21,480,DOWN
M-05,INJECTION_MOLDER,2026-05-09,Morning,118.87,0,96.0,480,DOWN
M-05,INJECTION_MOLDER,2026-05-09,Night,123.18,0,95.1,480,DOWN
M-05,INJECTION_MOLDER,2026-05-10,Afternoon,118.43,947,95.87,0,RUNNING
M-05,INJECTION_MOLDER,2026-05-10,Morning,118.31,946,96.53,0,RUNNING
M-05,INJECTION_MOLDER,2026-05-10,Night,127.56,1020,95.51,0,RUNNING
M-05,INJECTION_MOLDER,2026-05-11,Afternoon,122.68,981,95.64,0,RUNNING
M-05,INJECTION_MOLDER,2026-05-11,Morning,118.71,950,94.7,0,RUNNING
M-05,INJECTION_MOLDER,2026-05-11,Night,117.66,941,98.64,0,RUNNING
M-05,INJECTION_MOLDER,2026-05-12,Afternoon,113.28,906,98.02,0,RUNNING
M-05,INJECTION_MOLDER,2026-05-12,Morning,125.11,1001,94.8,0,RUNNING
M-05,INJECTION_MOLDER,2026-05-12,Night,117.54,940,97.58,0,RUNNING
M-05,INJECTION_MOLDER,2026-05-13,Afternoon,115.64,925,97.46,0,RUNNING
M-05,INJECTION_MOLDER,2026-05-13,Morning,112.91,903,97.79,0,RUNNING
M-05,INJECTION_MOLDER,2026-05-13,Night,120.05,960,94.09,0,RUNNING
M-05,INJECTION_MOLDER,2026-05-14,Afternoon,120.38,963,97.17,0,RUNNING
M-05,INJECTION_MOLDER,2026-05-14,Morning,118.53,948,97.37,0,RUNNING
M-05,INJECTION_MOLDER,2026-05-14,Night,127.12,1017,92.87,0,RUNNING
M-05,INJECTION_MOLDER,2026-05-15,Afternoon,116.76,934,93.34,0,RUNNING
M-05,INJECTION_MOLDER,2026-05-15,Morning,125.82,1007,96.21,0,RUNNING
M-05,INJECTION_MOLDER,2026-05-15,Night,119.32,955,97.84,0,RUNNING
M-05,INJECTION_MOLDER,2026-05-16,Afternoon,114.78,918,95.98,0,RUNNING
M-05,INJECTION_MOLDER,2026-05-16,Morning,119.54,956,99.02,0,RUNNING
M-05,INJECTION_MOLDER,2026-05-16,Night,115.49,924,96.73,0,RUNNING
M-05,INJECTION_MOLDER,2026-05-17,Afternoon,110.62,885,96.4,0,RUNNING
M-05,INJECTION_MOLDER,2026-05-17,Morning,123.19,986,95.16,0,RUNNING
M-05,INJECTION_MOLDER,2026-05-17,Night,121.57,973,96.81,0,RUNNING
M-05,INJECTION_MOLDER,2026-05-18,Afternoon,122.45,980,98.39,0,RUNNING
M-05,INJECTION_MOLDER,2026-05-18,Morning,124.45,996,93.86,0,RUNNING
M-05,INJECTION_MOLDER,2026-05-18,Night,113.6,909,96.64,0,RUNNING
M-05,INJECTION_MOLDER,2026-05-19,Afternoon,121.25,970,95.03,0,RUNNING
M-05,INJECTION_MOLDER,2026-05-19,Morning,118.18,945,95.84,0,RUNNING
M-05,INJECTION_MOLDER,2026-05-19,Night,117.57,941,96.07,0,RUNNING
M-05,INJECTION_MOLDER,2026-05-20,Afternoon,122.45,980,93.7,0,RUNNING
M-05,INJECTION_MOLDER,2026-05-20,Morning,116.09,929,93.83,0,RUNNING
M-05,INJECTION_MOLDER,2026-05-20,Night,122.4,979,96.93,0,RUNNING
M-05,INJECTION_MOLDER,2026-05-21,Afternoon,124.3,994,94.04,0,RUNNING
M-05,INJECTION_MOLDER,2026-05-21,Morning,113.79,910,94.64,0,RUNNING
M-05,INJECTION_MOLDER,2026-05-21,Night,118.33,947,96.92,0,RUNNING
M-05,INJECTION_MOLDER,2026-05-22,Afternoon,117.85,943,98.84,0,RUNNING
M-05,INJECTION_MOLDER,2026-05-22,Morning,122.82,983,95.5,0,RUNNING
M-05,INJECTION_MOLDER,2026-05-22,Night,126.26,1010,97.96,0,RUNNING
M-05,INJECTION_MOLDER,2026-05-23,Afternoon,117.01,936,97.05,0,RUNNING
M-05,INJECTION_MOLDER,2026-05-23,Morning,120.31,962,94.38,0,RUNNING
M-05,INJECTION_MOLDER,2026-05-23,Night,121.51,972,98.8,0,RUNNING
M-05,INJECTION_MOLDER,2026-05-24,Afternoon,123.79,990,94.0,0,RUNNING
M-05,INJECTION_MOLDER,2026-05-24,Morning,122.34,979,92.99,0,RUNNING
M-05,INJECTION_MOLDER,2026-05-24,Night,118.62,949,96.5,0,RUNNING
M-05,INJECTION_MOLDER,2026-05-25,Afternoon,122.18,977,95.63,0,RUNNING
M-05,INJECTION_MOLDER,2026-05-25,Morning,127.18,1017,100.0,0,RUNNING
M-05,INJECTION_MOLDER,2026-05-25,Night,121.92,975,97.78,0,RUNNING
M-05,INJECTION_MOLDER,2026-05-26,Afternoon,120.83,967,97.0,0,RUNNING
M-05,INJECTION_MOLDER,2026-05-26,Morning,118.85,951,99.59,0,RUNNING
M-05,INJECTION_MOLDER,2026-05-26,Night,122.4,979,96.84,0,RUNNING
M-05,INJECTION_MOLDER,2026-05-27,Afternoon,117.99,944,93.8,0,RUNNING
M-05,INJECTION_MOLDER,2026-05-27,Morning,123.02,984,94.77,0,RUNNING
M-05,INJECTION_MOLDER,2026-05-27,Night,121.58,973,97.56,0,RUNNING
M-05,INJECTION_MOLDER,2026-05-28,Afternoon,119.98,960,97.34,0,RUNNING
M-05,INJECTION_MOLDER,2026-05-28,Morning,121.65,973,99.35,0,RUNNING
M-05,INJECTION_MOLDER,2026-05-28,Night,116.07,929,95.23,0,RUNNING
M-05,INJECTION_MOLDER,2026-05-29,Afternoon,118.94,952,95.86,0,RUNNING
M-05,INJECTION_MOLDER,2026-05-29,Morning,122.5,980,97.7,0,RUNNING
M-05,INJECTION_MOLDER,2026-05-29,Night,114.54,916,95.29,0,RUNNING
M-05,INJECTION_MOLDER,2026-05-30,Afternoon,121.8,974,96.1,0,RUNNING
M-05,INJECTION_MOLDER,2026-05-30,Morning,123.21,986,97.15,0,RUNNING
M-05,INJECTION_MOLDER,2026-05-30,Night,120.03,960,94.68,0,RUNNING
M-05,INJECTION_MOLDER,2026-05-31,Afternoon,121.77,974,94.95,0,RUNNING
M-05,INJECTION_MOLDER,2026-05-31,Morning,122.52,980,96.84,0,RUNNING
M-05,INJECTION_MOLDER,2026-05-31,Night,112.25,898,98.19,0,RUNNING
M-05,INJECTION_MOLDER,2026-06-01,Afternoon,122.5,980,95.22,0,RUNNING
M-05,INJECTION_MOLDER,2026-06-01,Morning,118.28,946,94.27,0,RUNNING
M-05,INJECTION_MOLDER,2026-06-01,Night,123.82,991,95.63499999999999,0,RUNNING
M-05,INJECTION_MOLDER,2026-06-02,Afternoon,124.36,995,96.52,0,RUNNING
M-05,INJECTION_MOLDER,2026-06-02,Morning,122.46,980,93.27,0,RUNNING
M-05,INJECTION_MOLDER,2026-06-02,Night,118.67,949,96.29,0,RUNNING
M-05,INJECTION_MOLDER,2026-06-03,Afternoon,116.29,930,93.29,0,RUNNING
M-05,INJECTION_MOLDER,2026-06-03,Morning,113.61,909,96.82,0,RUNNING
M-05,INJECTION_MOLDER,2026-06-03,Night,114.52,916,98.23,0,RUNNING
M-05,INJECTION_MOLDER,2026-06-04,Afternoon,118.07,945,92.59,0,RUNNING
M-05,INJECTION_MOLDER,2026-06-04,Morning,117.73,942,99.07,0,RUNNING
M-05,INJECTION_MOLDER,2026-06-04,Night,115.98,928,98.47,0,RUNNING
M-05,INJECTION_MOLDER,2026-06-05,Afternoon,120.58,965,97.0,0,RUNNING
M-05,INJECTION_MOLDER,2026-06-05,Morning,119.44,956,94.9,0,RUNNING
M-05,INJECTION_MOLDER,2026-06-05,Night,124.02,992,98.9,0,RUNNING
M-05,INJECTION_MOLDER,2026-06-06,Afternoon,118.51,948,96.52,0,RUNNING
M-05,INJECTION_MOLDER,2026-06-06,Morning,118.7,950,93.35,0,RUNNING
M-05,INJECTION_MOLDER,2026-06-06,Night,116.53,932,94.09,0,RUNNING
M-05,INJECTION_MOLDER,2026-06-07,Afternoon,120.12,961,94.48,0,RUNNING
M-05,INJECTION_MOLDER,2026-06-07,Morning,121.24,970,95.9,0,RUNNING
M-05,INJECTION_MOLDER,2026-06-07,Night,119.17,953,94.15,0,RUNNING
M-05,INJECTION_MOLDER,2026-06-08,Afternoon,113.35,907,94.14,0,RUNNING
M-05,INJECTION_MOLDER,2026-06-08,Morning,123.2,986,98.07,0,RUNNING
M-05,INJECTION_MOLDER,2026-06-08,Night,114.61,917,94.7,0,RUNNING
M-05,INJECTION_MOLDER,2026-06-09,Afternoon,116.68,933,93.99,0,RUNNING
M-05,INJECTION_MOLDER,2026-06-09,Morning,119.7,958,93.1,0,RUNNING
M-05,INJECTION_MOLDER,2026-06-09,Night,120.75,966,96.14,0,RUNNING
M-05,INJECTION_MOLDER,2026-06-10,Afternoon,118.03,944,95.46,0,RUNNING
M-05,INJECTION_MOLDER,2026-06-10,Morning,117.4,939,96.35,0,RUNNING
M-05,INJECTION_MOLDER,2026-06-10,Night,126.02,1008,98.68,0,RUNNING
M-05,INJECTION_MOLDER,2026-06-11,Afternoon,122.92,983,93.7,0,RUNNING
M-05,INJECTION_MOLDER,2026-06-11,Morning,115.32,923,97.66,0,RUNNING
M-05,INJECTION_MOLDER,2026-06-11,Night,122.95,984,99.08,0,RUNNING
M-05,INJECTION_MOLDER,2026-06-12,Afternoon,123.66,989,96.54,0,RUNNING
M-05,INJECTION_MOLDER,2026-06-12,Morning,115.96,928,94.16,0,RUNNING
M-05,INJECTION_MOLDER,2026-06-12,Night,121.99,976,96.68,0,RUNNING
M-05,INJECTION_MOLDER,2026-06-13,Afternoon,123.77,990,98.34,0,RUNNING
M-05,INJECTION_MOLDER,2026-06-13,Morning,121.41,971,93.35,0,RUNNING
M-05,INJECTION_MOLDER,2026-06-13,Night,119.17,953,95.91,0,RUNNING
M-05,INJECTION_MOLDER,2026-06-14,Afternoon,122.06,976,95.88,0,RUNNING
M-05,INJECTION_MOLDER,2026-06-14,Morning,114.49,916,97.03,0,RUNNING
M-05,INJECTION_MOLDER,2026-06-14,Night,124.05,992,95.33,0,RUNNING
M-05,INJECTION_MOLDER,2026-06-15,Afternoon,119.92,959,95.65,0,RUNNING
M-05,INJECTION_MOLDER,2026-06-15,Morning,122.03,976,93.96,0,RUNNING
M-05,INJECTION_MOLDER,2026-06-15,Night,120.81,966,95.26,0,RUNNING
M-05,INJECTION_MOLDER,2026-06-16,Afternoon,118.43,947,92.79,0,RUNNING
M-05,INJECTION_MOLDER,2026-06-16,Morning,119.53,956,97.65,0,RUNNING
M-05,INJECTION_MOLDER,2026-06-16,Night,126.3,1010,98.76,0,RUNNING
M-05,INJECTION_MOLDER,2026-06-17,Afternoon,118.19,946,96.53,0,RUNNING
M-05,INJECTION_MOLDER,2026-06-17,Morning,115.35,923,97.38,0,RUNNING
M-05,INJECTION_MOLDER,2026-06-17,Night,121.06,968,95.53,0,RUNNING
M-05,INJECTION_MOLDER,2026-06-18,Afternoon,116.7,934,94.34,0,RUNNING
M-05,INJECTION_MOLDER,2026-06-18,Morning,117.18,937,94.62,0,RUNNING
M-05,INJECTION_MOLDER,2026-06-18,Night,119.76,958,94.57,0,RUNNING
M-05,INJECTION_MOLDER,2026-06-19,Afternoon,117.91,943,96.48,0,RUNNING
M-05,INJECTION_MOLDER,2026-06-19,Morning,122.46,980,98.97,0,RUNNING
M-05,INJECTION_MOLDER,2026-06-19,Night,121.8,974,96.94,0,RUNNING
M-05,INJECTION_MOLDER,2026-06-20,Afternoon,121.74,974,93.52,0,RUNNING
M-05,INJECTION_MOLDER,2026-06-20,Morning,120.27,962,97.49,0,RUNNING
M-05,INJECTION_MOLDER,2026-06-20,Night,123.13,985,97.77,0,RUNNING
M-05,INJECTION_MOLDER,2026-06-21,Afternoon,122.46,980,95.58,0,RUNNING
M-05,INJECTION_MOLDER,2026-06-21,Morning,117.25,938,96.08,0,RUNNING
M-05,INJECTION_MOLDER,2026-06-21,Night,123.86,991,100.0,0,RUNNING
M-05,INJECTION_MOLDER,2026-06-22,Afternoon,121.09,969,97.44,0,RUNNING
M-05,INJECTION_MOLDER,2026-06-22,Morning,117.17,937,93.24,0,RUNNING
M-05,INJECTION_MOLDER,2026-06-22,Night,119.17,953,98.91,0,RUNNING
M-05,INJECTION_MOLDER,2026-06-23,Afternoon,117.82,943,99.44,0,RUNNING
M-05,INJECTION_MOLDER,2026-06-23,Morning,115.18,921,97.39,0,RUNNING
M-05,INJECTION_MOLDER,2026-06-23,Night,127.17,1017,94.47,0,RUNNING
M-05,INJECTION_MOLDER,2026-06-24,Afternoon,111.19,890,92.16,0,RUNNING
M-05,INJECTION_MOLDER,2026-06-24,Morning,110.65,885,93.97,0,RUNNING
M-05,INJECTION_MOLDER,2026-06-24,Night,112.59,901,88.41,0,RUNNING
M-05,INJECTION_MOLDER,2026-06-25,Afternoon,103.45,828,91.39,0,RUNNING
M-05,INJECTION_MOLDER,2026-06-25,Morning,104.96,840,87.12,0,RUNNING
M-05,INJECTION_MOLDER,2026-06-25,Night,101.04,808,90.13,0,RUNNING
M-05,INJECTION_MOLDER,2026-06-26,Afternoon,99.81,798,85.43,0,RUNNING
M-05,INJECTION_MOLDER,2026-06-26,Morning,96.68,773,84.19,0,RUNNING
M-05,INJECTION_MOLDER,2026-06-26,Night,99.17,793,86.69,0,RUNNING
M-05,INJECTION_MOLDER,2026-06-27,Afternoon,116.09,580,94.35,180,MAINTENANCE
M-05,INJECTION_MOLDER,2026-06-27,Morning,118.81,594,94.78,180,MAINTENANCE
M-05,INJECTION_MOLDER,2026-06-27,Night,130.62,653,98.49,180,MAINTENANCE
M-05,INJECTION_MOLDER,2026-06-28,Afternoon,121.73,974,97.09,0,RUNNING
M-05,INJECTION_MOLDER,2026-06-28,Morning,115.14,921,93.36,0,RUNNING
M-05,INJECTION_MOLDER,2026-06-28,Night,121.98,976,95.49,0,RUNNING
M-05,INJECTION_MOLDER,2026-06-29,Afternoon,120.31,962,91.56,0,RUNNING
M-05,INJECTION_MOLDER,2026-06-29,Morning,119.55,956,96.66,0,RUNNING
M-05,INJECTION_MOLDER,2026-06-29,Night,119.17,953,94.3,0,RUNNING
M-05,INJECTION_MOLDER,2026-06-30,Afternoon,121.32,971,95.37,0,RUNNING
M-05,INJECTION_MOLDER,2026-06-30,Morning,120.63,965,100.0,0,RUNNING
M-05,INJECTION_MOLDER,2026-06-30,Night,123.32,987,96.97,0,RUNNING
M-05,INJECTION_MOLDER,2026-07-01,Afternoon,127.4,1019,93.74,0,RUNNING
M-05,INJECTION_MOLDER,2026-07-01,Morning,121.51,972,97.21,0,RUNNING
M-05,INJECTION_MOLDER,2026-07-01,Night,121.71,974,94.15,0,RUNNING
M-05,INJECTION_MOLDER,2026-07-02,Afternoon,118.5,948,95.41,0,RUNNING
M-05,INJECTION_MOLDER,2026-07-02,Morning,122.0,976,95.63499999999999,0,RUNNING
M-05,INJECTION_MOLDER,2026-07-02,Night,123.51,988,97.84,0,RUNNING
M-05,INJECTION_MOLDER,2026-07-03,Afternoon,117.45,940,93.48,0,RUNNING
M-05,INJECTION_MOLDER,2026-07-03,Morning,115.52,924,96.11,0,RUNNING
M-05,INJECTION_MOLDER,2026-07-03,Night,119.22,954,95.38,0,RUNNING
M-05,INJECTION_MOLDER,2026-07-04,Afternoon,115.04,920,94.87,0,RUNNING
M-05,INJECTION_MOLDER,2026-07-04,Morning,128.74,1030,96.87,0,RUNNING
M-05,INJECTION_MOLDER,2026-07-04,Night,123.68,989,100.0,0,RUNNING
M-05,INJECTION_MOLDER,2026-07-05,Afternoon,126.74,1014,96.78,0,RUNNING
M-05,INJECTION_MOLDER,2026-07-05,Morning,114.29,914,92.24,0,RUNNING
M-05,INJECTION_MOLDER,2026-07-05,Night,116.87,935,97.07,0,RUNNING
M-05,INJECTION_MOLDER,2026-07-06,Afternoon,121.18,969,97.85,0,RUNNING
M-05,INJECTION_MOLDER,2026-07-06,Morning,110.51,884,96.01,0,RUNNING
M-05,INJECTION_MOLDER,2026-07-06,Night,116.35,931,96.17,0,RUNNING
M-05,INJECTION_MOLDER,2026-07-07,Afternoon,116.78,934,95.18,0,RUNNING
M-05,INJECTION_MOLDER,2026-07-07,Morning,116.67,933,96.51,0,RUNNING
M-05,INJECTION_MOLDER,2026-07-07,Night,116.42,931,97.3,0,RUNNING
M-05,INJECTION_MOLDER,2026-07-08,Afternoon,120.14,961,93.1,0,RUNNING
M-05,INJECTION_MOLDER,2026-07-08,Morning,123.09,985,95.53,0,RUNNING
M-05,INJECTION_MOLDER,2026-07-08,Night,118.92,951,95.9,0,RUNNING
M-05,INJECTION_MOLDER,2026-07-09,Afternoon,125.27,1002,97.99,0,RUNNING
M-05,INJECTION_MOLDER,2026-07-09,Morning,129.43,1035,93.78,0,RUNNING
M-05,INJECTION_MOLDER,2026-07-09,Night,121.01,968,99.52,0,RUNNING
M-05,INJECTION_MOLDER,2026-07-10,Afternoon,119.81,958,98.45,0,RUNNING
M-05,INJECTION_MOLDER,2026-07-10,Morning,121.34,971,96.78,0,RUNNING
M-05,INJECTION_MOLDER,2026-07-10,Night,123.95,992,94.75,0,RUNNING
M-05,INJECTION_MOLDER,2026-07-11,Afternoon,117.12,937,95.87,0,RUNNING
M-05,INJECTION_MOLDER,2026-07-11,Morning,115.25,922,95.59,0,RUNNING
M-05,INJECTION_MOLDER,2026-07-11,Night,124.45,996,95.09,0,RUNNING
M-05,INJECTION_MOLDER,2026-07-12,Afternoon,123.05,984,91.51,0,RUNNING
M-05,INJECTION_MOLDER,2026-07-12,Morning,119.85,959,96.12,0,RUNNING
M-05,INJECTION_MOLDER,2026-07-12,Night,117.82,943,96.42,0,RUNNING
M-05,INJECTION_MOLDER,2026-07-13,Afternoon,113.24,906,97.24,0,RUNNING
M-05,INJECTION_MOLDER,2026-07-13,Morning,124.32,995,95.02,0,RUNNING
M-05,INJECTION_MOLDER,2026-07-13,Night,117.71,942,93.62,0,RUNNING
M-05,INJECTION_MOLDER,2026-07-14,Afternoon,113.61,909,89.45,0,RUNNING
M-05,INJECTION_MOLDER,2026-07-14,Morning,113.55,908,93.49,0,RUNNING
M-05,INJECTION_MOLDER,2026-07-14,Night,118.83,951,96.41,0,RUNNING
M-05,INJECTION_MOLDER,2026-07-15,Afternoon,110.76,886,91.7,0,RUNNING
M-05,INJECTION_MOLDER,2026-07-15,Morning,113.61,909,89.44,0,RUNNING
M-05,INJECTION_MOLDER,2026-07-15,Night,113.43,907,93.05,0,RUNNING
M-05,INJECTION_MOLDER,2026-07-16,Afternoon,108.61,869,92.48,0,RUNNING
M-05,INJECTION_MOLDER,2026-07-16,Morning,104.78,838,89.74,0,RUNNING
M-05,INJECTION_MOLDER,2026-07-16,Night,109.41,875,91.15,0,RUNNING
M-05,INJECTION_MOLDER,2026-07-17,Afternoon,104.12,833,85.71,0,RUNNING
M-05,INJECTION_MOLDER,2026-07-17,Morning,103.12,825,90.25,0,RUNNING
M-05,INJECTION_MOLDER,2026-07-17,Night,107.19,858,88.82,0,RUNNING
M-05,INJECTION_MOLDER,2026-07-18,Afternoon,99.45,796,86.21,0,RUNNING
M-05,INJECTION_MOLDER,2026-07-18,Morning,97.26,778,84.33,0,RUNNING
M-05,INJECTION_MOLDER,2026-07-18,Night,99.15,793,85.91,0,RUNNING
M-05,INJECTION_MOLDER,2026-07-19,Afternoon,94.82,759,85.03,0,RUNNING
M-05,INJECTION_MOLDER,2026-07-19,Morning,99.09,793,85.29,0,RUNNING
M-05,INJECTION_MOLDER,2026-07-19,Night,91.37,731,83.94,0,RUNNING
M-05,INJECTION_MOLDER,2026-07-20,Afternoon,116.95,0,94.7,480,DOWN
M-05,INJECTION_MOLDER,2026-07-20,Morning,126.51,0,95.56,480,DOWN
M-05,INJECTION_MOLDER,2026-07-20,Night,116.08,0,94.43,480,DOWN
M-05,INJECTION_MOLDER,2026-07-21,Afternoon,120.06,960,97.8,0,RUNNING
M-05,INJECTION_MOLDER,2026-07-21,Morning,118.67,949,93.19,0,RUNNING
M-05,INJECTION_MOLDER,2026-07-21,Night,116.73,934,99.04,0,RUNNING
M-05,INJECTION_MOLDER,2026-07-22,Afternoon,117.63,941,97.71,0,RUNNING
M-05,INJECTION_MOLDER,2026-07-22,Morning,121.84,975,98.06,0,RUNNING
M-05,INJECTION_MOLDER,2026-07-22,Night,116.07,929,97.78,0,RUNNING
M-05,INJECTION_MOLDER,2026-07-23,Afternoon,115.77,926,94.21,0,RUNNING
M-05,INJECTION_MOLDER,2026-07-23,Morning,120.62,965,97.11,0,RUNNING
M-05,INJECTION_MOLDER,2026-07-23,Night,122.15,977,94.1,0,RUNNING
M-05,INJECTION_MOLDER,2026-07-24,Afternoon,123.05,984,93.53,0,RUNNING
M-05,INJECTION_MOLDER,2026-07-24,Morning,121.67,973,93.27,0,RUNNING
M-05,INJECTION_MOLDER,2026-07-24,Night,121.99,976,97.25,0,RUNNING
M-05,INJECTION_MOLDER,2026-07-25,Afternoon,120.94,968,94.92,0,RUNNING
M-05,INJECTION_MOLDER,2026-07-25,Morning,117.49,940,97.16,0,RUNNING
M-05,INJECTION_MOLDER,2026-07-25,Night,116.37,931,92.07,0,RUNNING
M-05,INJECTION_MOLDER,2026-07-26,Afternoon,120.34,948,95.47,0,RUNNING
M-05,INJECTION_MOLDER,2026-07-26,Morning,121.26,970,92.87,0,RUNNING
M-05,INJECTION_MOLDER,2026-07-26,Night,122.44,980,95.4,0,RUNNING
M-05,INJECTION_MOLDER,2026-07-27,Afternoon,121.21,970,96.63,0,RUNNING
M-05,INJECTION_MOLDER,2026-07-27,Morning,118.81,951,97.46,0,RUNNING
M-05,INJECTION_MOLDER,2026-07-27,Night,121.69,974,92.93,0,RUNNING
M-05,INJECTION_MOLDER,2026-07-28,Afternoon,116.34,931,95.51,0,RUNNING
M-05,INJECTION_MOLDER,2026-07-28,Morning,122.72,982,97.22,0,RUNNING
M-05,INJECTION_MOLDER,2026-07-28,Night,119.86,959,95.73,0,RUNNING
M-05,INJECTION_MOLDER,2026-07-29,Afternoon,123.89,991,93.38,0,RUNNING
M-05,INJECTION_MOLDER,2026-07-29,Morning,121.2,970,98.86,0,RUNNING
M-05,INJECTION_MOLDER,2026-07-29,Night,122.24,978,98.66,0,RUNNING
M-06,INJECTION_MOLDER,2026-05-01,Afternoon,127.24,1018,98.05,0,RUNNING
M-06,INJECTION_MOLDER,2026-05-01,Morning,121.39,971,98.18,0,RUNNING
M-06,INJECTION_MOLDER,2026-05-01,Night,120.9,967,98.09,0,RUNNING
M-06,INJECTION_MOLDER,2026-05-02,Afternoon,118.73,950,99.13,0,RUNNING
M-06,INJECTION_MOLDER,2026-05-02,Morning,120.52,964,96.05,0,RUNNING
M-06,INJECTION_MOLDER,2026-05-02,Night,117.05,936,99.06,0,RUNNING
M-06,INJECTION_MOLDER,2026-05-03,Afternoon,121.32,971,91.8,0,RUNNING
M-06,INJECTION_MOLDER,2026-05-03,Morning,121.8,974,93.2,0,RUNNING
M-06,INJECTION_MOLDER,2026-05-03,Night,122.25,978,97.77,0,RUNNING
M-06,INJECTION_MOLDER,2026-05-04,Afternoon,127.03,1016,94.99,0,RUNNING
M-06,INJECTION_MOLDER,2026-05-04,Morning,117.87,943,96.25,0,RUNNING
M-06,INJECTION_MOLDER,2026-05-04,Night,116.19,930,98.96,0,RUNNING
M-06,INJECTION_MOLDER,2026-05-05,Afternoon,123.64,989,98.68,0,RUNNING
M-06,INJECTION_MOLDER,2026-05-05,Morning,127.07,1017,96.01,0,RUNNING
M-06,INJECTION_MOLDER,2026-05-05,Night,117.33,939,95.03,0,RUNNING
M-06,INJECTION_MOLDER,2026-05-06,Afternoon,122.03,976,94.24,0,RUNNING
M-06,INJECTION_MOLDER,2026-05-06,Morning,124.43,995,99.37,0,RUNNING
M-06,INJECTION_MOLDER,2026-05-06,Night,127.15,1017,94.94,0,RUNNING
M-06,INJECTION_MOLDER,2026-05-07,Afternoon,125.59,1005,97.71,0,RUNNING
M-06,INJECTION_MOLDER,2026-05-07,Morning,118.79,950,96.68,0,RUNNING
M-06,INJECTION_MOLDER,2026-05-07,Night,121.49,972,96.93,0,RUNNING
M-06,INJECTION_MOLDER,2026-05-08,Afternoon,110.89,887,95.41,0,RUNNING
M-06,INJECTION_MOLDER,2026-05-08,Morning,120.16,961,97.12,0,RUNNING
M-06,INJECTION_MOLDER,2026-05-08,Night,120.87,967,93.7,0,RUNNING
M-06,INJECTION_MOLDER,2026-05-09,Afternoon,126.32,1011,99.15,0,RUNNING
M-06,INJECTION_MOLDER,2026-05-09,Morning,121.39,971,95.59,0,RUNNING
M-06,INJECTION_MOLDER,2026-05-09,Night,118.32,947,95.7,0,RUNNING
M-06,INJECTION_MOLDER,2026-05-10,Afternoon,116.39,931,92.34,0,RUNNING
M-06,INJECTION_MOLDER,2026-05-10,Morning,115.46,924,92.95,0,RUNNING
M-06,INJECTION_MOLDER,2026-05-10,Night,111.79,894,95.1,0,RUNNING
M-06,INJECTION_MOLDER,2026-05-11,Afternoon,114.42,915,90.45,0,RUNNING
M-06,INJECTION_MOLDER,2026-05-11,Morning,113.53,908,95.53,0,RUNNING
M-06,INJECTION_MOLDER,2026-05-11,Night,112.27,898,93.35,0,RUNNING
M-06,INJECTION_MOLDER,2026-05-12,Afternoon,105.48,844,89.18,0,RUNNING
M-06,INJECTION_MOLDER,2026-05-12,Morning,107.03,856,90.48,0,RUNNING
M-06,INJECTION_MOLDER,2026-05-12,Night,106.48,852,88.08,0,RUNNING
M-06,INJECTION_MOLDER,2026-05-13,Afternoon,101.34,811,86.86,0,RUNNING
M-06,INJECTION_MOLDER,2026-05-13,Morning,102.31,818,84.33,0,RUNNING
M-06,INJECTION_MOLDER,2026-05-13,Night,102.07,817,86.95,0,RUNNING
M-06,INJECTION_MOLDER,2026-05-14,Afternoon,101.16,809,83.99,0,RUNNING
M-06,INJECTION_MOLDER,2026-05-14,Morning,98.39,787,86.24,0,RUNNING
M-06,INJECTION_MOLDER,2026-05-14,Night,95.01,760,83.2,0,RUNNING
M-06,INJECTION_MOLDER,2026-05-15,Afternoon,92.11,737,80.55,0,RUNNING
M-06,INJECTION_MOLDER,2026-05-15,Morning,92.91,743,82.44,0,RUNNING
M-06,INJECTION_MOLDER,2026-05-15,Night,93.0,744,83.51,0,RUNNING
M-06,INJECTION_MOLDER,2026-05-16,Afternoon,118.51,0,94.15,480,DOWN
M-06,INJECTION_MOLDER,2026-05-16,Morning,122.14,0,94.89,480,DOWN
M-06,INJECTION_MOLDER,2026-05-16,Night,119.89,0,94.3,480,DOWN
M-06,INJECTION_MOLDER,2026-05-17,Afternoon,118.71,950,96.6,0,RUNNING
M-06,INJECTION_MOLDER,2026-05-17,Morning,122.06,977,92.43,0,RUNNING
M-06,INJECTION_MOLDER,2026-05-17,Night,120.66,965,100.0,0,RUNNING
M-06,INJECTION_MOLDER,2026-05-18,Afternoon,119.66,957,92.45,0,RUNNING
M-06,INJECTION_MOLDER,2026-05-18,Morning,121.26,970,95.53,0,RUNNING
M-06,INJECTION_MOLDER,2026-05-18,Night,119.71,958,94.33,0,RUNNING
M-06,INJECTION_MOLDER,2026-05-19,Afternoon,119.58,957,94.73,0,RUNNING
M-06,INJECTION_MOLDER,2026-05-19,Morning,123.3,986,94.9,0,RUNNING
M-06,INJECTION_MOLDER,2026-05-19,Night,126.26,1010,95.36,0,RUNNING
M-06,INJECTION_MOLDER,2026-05-20,Afternoon,121.74,974,96.74,0,RUNNING
M-06,INJECTION_MOLDER,2026-05-20,Morning,126.6,1013,97.63,0,RUNNING
M-06,INJECTION_MOLDER,2026-05-20,Night,121.42,971,92.14,0,RUNNING
M-06,INJECTION_MOLDER,2026-05-21,Afternoon,119.82,959,93.19,0,RUNNING
M-06,INJECTION_MOLDER,2026-05-21,Morning,119.0,952,97.69,0,RUNNING
M-06,INJECTION_MOLDER,2026-05-21,Night,119.81,958,99.41,0,RUNNING
M-06,INJECTION_MOLDER,2026-05-22,Afternoon,123.43,987,95.27,0,RUNNING
M-06,INJECTION_MOLDER,2026-05-22,Morning,124.49,996,95.88,0,RUNNING
M-06,INJECTION_MOLDER,2026-05-22,Night,113.87,911,94.15,0,RUNNING
M-06,INJECTION_MOLDER,2026-05-23,Afternoon,119.12,953,95.4,0,RUNNING
M-06,INJECTION_MOLDER,2026-05-23,Morning,125.63,1005,95.45,0,RUNNING
M-06,INJECTION_MOLDER,2026-05-23,Night,126.85,1015,99.25,0,RUNNING
M-06,INJECTION_MOLDER,2026-05-24,Afternoon,121.06,969,92.97,0,RUNNING
M-06,INJECTION_MOLDER,2026-05-24,Morning,127.99,1024,95.68,0,RUNNING
M-06,INJECTION_MOLDER,2026-05-24,Night,125.32,1003,93.66,0,RUNNING
M-06,INJECTION_MOLDER,2026-05-25,Afternoon,117.88,943,94.33,0,RUNNING
M-06,INJECTION_MOLDER,2026-05-25,Morning,120.78,966,93.81,0,RUNNING
M-06,INJECTION_MOLDER,2026-05-25,Night,117.81,942,94.92,0,RUNNING
M-06,INJECTION_MOLDER,2026-05-26,Afternoon,116.02,928,96.44,0,RUNNING
M-06,INJECTION_MOLDER,2026-05-26,Morning,118.03,944,97.67,0,RUNNING
M-06,INJECTION_MOLDER,2026-05-26,Night,124.38,995,94.97,0,RUNNING
M-06,INJECTION_MOLDER,2026-05-27,Afternoon,124.25,994,96.39,0,RUNNING
M-06,INJECTION_MOLDER,2026-05-27,Morning,117.42,939,95.54,0,RUNNING
M-06,INJECTION_MOLDER,2026-05-27,Night,118.09,945,96.97,0,RUNNING
M-06,INJECTION_MOLDER,2026-05-28,Afternoon,121.47,972,95.38,0,RUNNING
M-06,INJECTION_MOLDER,2026-05-28,Morning,116.03,928,97.36,0,RUNNING
M-06,INJECTION_MOLDER,2026-05-28,Night,116.98,936,94.23,0,RUNNING
M-06,INJECTION_MOLDER,2026-05-29,Afternoon,117.71,942,96.92,0,RUNNING
M-06,INJECTION_MOLDER,2026-05-29,Morning,121.93,975,98.46,0,RUNNING
M-06,INJECTION_MOLDER,2026-05-29,Night,112.49,900,94.83,0,RUNNING
M-06,INJECTION_MOLDER,2026-05-30,Afternoon,116.63,933,94.66,0,RUNNING
M-06,INJECTION_MOLDER,2026-05-30,Morning,119.89,959,94.18,0,RUNNING
M-06,INJECTION_MOLDER,2026-05-30,Night,121.05,968,95.63,0,RUNNING
M-06,INJECTION_MOLDER,2026-05-31,Afternoon,117.82,943,96.92,0,RUNNING
M-06,INJECTION_MOLDER,2026-05-31,Morning,111.94,896,91.76,0,RUNNING
M-06,INJECTION_MOLDER,2026-05-31,Night,110.11,881,95.0,0,RUNNING
M-06,INJECTION_MOLDER,2026-06-01,Afternoon,118.61,949,96.77,0,RUNNING
M-06,INJECTION_MOLDER,2026-06-01,Morning,118.11,945,98.78,0,RUNNING
M-06,INJECTION_MOLDER,2026-06-01,Night,120.51,964,91.74,0,RUNNING
M-06,INJECTION_MOLDER,2026-06-02,Afternoon,121.83,950,100.0,0,RUNNING
M-06,INJECTION_MOLDER,2026-06-02,Morning,122.77,982,96.43,0,RUNNING
M-06,INJECTION_MOLDER,2026-06-02,Night,112.5,900,99.45,0,RUNNING
M-06,INJECTION_MOLDER,2026-06-03,Afternoon,119.84,959,95.15,0,RUNNING
M-06,INJECTION_MOLDER,2026-06-03,Morning,118.97,952,96.57,0,RUNNING
M-06,INJECTION_MOLDER,2026-06-03,Night,117.95,944,96.66,0,RUNNING
M-06,INJECTION_MOLDER,2026-06-04,Afternoon,118.5,948,93.74,0,RUNNING
M-06,INJECTION_MOLDER,2026-06-04,Morning,114.54,916,97.5,0,RUNNING
M-06,INJECTION_MOLDER,2026-06-04,Night,118.38,947,98.51,0,RUNNING
M-06,INJECTION_MOLDER,2026-06-05,Afternoon,117.37,939,97.52,0,RUNNING
M-06,INJECTION_MOLDER,2026-06-05,Morning,118.07,945,96.72,0,RUNNING
M-06,INJECTION_MOLDER,2026-06-05,Night,122.47,980,99.7,0,RUNNING
M-06,INJECTION_MOLDER,2026-06-06,Afternoon,120.35,963,98.59,0,RUNNING
M-06,INJECTION_MOLDER,2026-06-06,Morning,119.37,955,97.34,0,RUNNING
M-06,INJECTION_MOLDER,2026-06-06,Night,117.41,939,97.49,0,RUNNING
M-06,INJECTION_MOLDER,2026-06-07,Afternoon,120.33,963,96.5,0,RUNNING
M-06,INJECTION_MOLDER,2026-06-07,Morning,119.3,954,95.87,0,RUNNING
M-06,INJECTION_MOLDER,2026-06-07,Night,119.58,957,96.43,0,RUNNING
M-06,INJECTION_MOLDER,2026-06-08,Afternoon,123.13,985,95.09,0,RUNNING
M-06,INJECTION_MOLDER,2026-06-08,Morning,125.68,1005,97.97,0,RUNNING
M-06,INJECTION_MOLDER,2026-06-08,Night,116.8,934,97.91,0,RUNNING
M-06,INJECTION_MOLDER,2026-06-09,Afternoon,117.83,943,95.54,0,RUNNING
M-06,INJECTION_MOLDER,2026-06-09,Morning,123.15,985,98.95,0,RUNNING
M-06,INJECTION_MOLDER,2026-06-09,Night,114.1,913,95.22,0,RUNNING
M-06,INJECTION_MOLDER,2026-06-10,Afternoon,122.31,978,95.62,0,RUNNING
M-06,INJECTION_MOLDER,2026-06-10,Morning,123.59,989,95.07,0,RUNNING
M-06,INJECTION_MOLDER,2026-06-10,Night,121.17,969,93.7,0,RUNNING
M-06,INJECTION_MOLDER,2026-06-11,Afternoon,119.33,955,92.74,0,RUNNING
M-06,INJECTION_MOLDER,2026-06-11,Morning,120.31,962,90.02,0,RUNNING
M-06,INJECTION_MOLDER,2026-06-11,Night,124.34,995,97.55,0,RUNNING
M-06,INJECTION_MOLDER,2026-06-12,Afternoon,116.58,933,99.49,0,RUNNING
M-06,INJECTION_MOLDER,2026-06-12,Morning,121.68,973,99.04,0,RUNNING
M-06,INJECTION_MOLDER,2026-06-12,Night,123.36,987,95.53,0,RUNNING
M-06,INJECTION_MOLDER,2026-06-13,Afternoon,117.03,936,94.78,0,RUNNING
M-06,INJECTION_MOLDER,2026-06-13,Morning,124.09,993,93.79,0,RUNNING
M-06,INJECTION_MOLDER,2026-06-13,Night,118.1,945,93.89,0,RUNNING
M-06,INJECTION_MOLDER,2026-06-14,Afternoon,121.27,970,94.86,0,RUNNING
M-06,INJECTION_MOLDER,2026-06-14,Morning,124.4,995,95.48,0,RUNNING
M-06,INJECTION_MOLDER,2026-06-14,Night,113.45,908,96.54,0,RUNNING
M-06,INJECTION_MOLDER,2026-06-15,Afternoon,115.07,921,99.97,0,RUNNING
M-06,INJECTION_MOLDER,2026-06-15,Morning,113.12,905,95.86,0,RUNNING
M-06,INJECTION_MOLDER,2026-06-15,Night,123.28,986,96.21,0,RUNNING
M-06,INJECTION_MOLDER,2026-06-16,Afternoon,121.96,976,96.4,0,RUNNING
M-06,INJECTION_MOLDER,2026-06-16,Morning,124.55,996,94.31,0,RUNNING
M-06,INJECTION_MOLDER,2026-06-16,Night,120.95,968,98.54,0,RUNNING
M-06,INJECTION_MOLDER,2026-06-17,Afternoon,114.04,912,94.08,0,RUNNING
M-06,INJECTION_MOLDER,2026-06-17,Morning,122.64,981,96.58,0,RUNNING
M-06,INJECTION_MOLDER,2026-06-17,Night,119.56,956,96.19,0,RUNNING
M-06,INJECTION_MOLDER,2026-06-18,Afternoon,125.46,1004,97.2,0,RUNNING
M-06,INJECTION_MOLDER,2026-06-18,Morning,115.93,927,100.0,0,RUNNING
M-06,INJECTION_MOLDER,2026-06-18,Night,120.26,962,95.58,0,RUNNING
M-06,INJECTION_MOLDER,2026-06-19,Afternoon,120.93,967,93.52,0,RUNNING
M-06,INJECTION_MOLDER,2026-06-19,Morning,116.57,933,96.15,0,RUNNING
M-06,INJECTION_MOLDER,2026-06-19,Night,121.2,970,95.69,0,RUNNING
M-06,INJECTION_MOLDER,2026-06-20,Afternoon,118.51,948,99.78,0,RUNNING
M-06,INJECTION_MOLDER,2026-06-20,Morning,113.13,905,94.28,0,RUNNING
M-06,INJECTION_MOLDER,2026-06-20,Night,122.0,976,93.33,0,RUNNING
M-06,INJECTION_MOLDER,2026-06-21,Afternoon,123.9,991,95.06,0,RUNNING
M-06,INJECTION_MOLDER,2026-06-21,Morning,121.75,974,92.91,0,RUNNING
M-06,INJECTION_MOLDER,2026-06-21,Night,119.66,957,98.65,0,RUNNING
M-06,INJECTION_MOLDER,2026-06-22,Afternoon,117.9,943,98.08,0,RUNNING
M-06,INJECTION_MOLDER,2026-06-22,Morning,115.37,923,93.21,0,RUNNING
M-06,INJECTION_MOLDER,2026-06-22,Night,114.53,916,90.34,0,RUNNING
M-06,INJECTION_MOLDER,2026-06-23,Afternoon,124.32,995,95.07,0,RUNNING
M-06,INJECTION_MOLDER,2026-06-23,Morning,118.38,947,97.1,0,RUNNING
M-06,INJECTION_MOLDER,2026-06-23,Night,118.52,948,98.31,0,RUNNING
M-06,INJECTION_MOLDER,2026-06-24,Afternoon,120.69,965,96.9,0,RUNNING
M-06,INJECTION_MOLDER,2026-06-24,Morning,113.27,906,95.22,0,RUNNING
M-06,INJECTION_MOLDER,2026-06-24,Night,118.16,945,96.07,0,RUNNING
M-06,INJECTION_MOLDER,2026-06-25,Afternoon,121.63,973,94.04,0,RUNNING
M-06,INJECTION_MOLDER,2026-06-25,Morning,111.04,888,94.68,0,RUNNING
M-06,INJECTION_MOLDER,2026-06-25,Night,120.21,962,96.89,0,RUNNING
M-06,INJECTION_MOLDER,2026-06-26,Afternoon,116.53,932,95.59,0,RUNNING
M-06,INJECTION_MOLDER,2026-06-26,Morning,118.77,950,96.34,0,RUNNING
M-06,INJECTION_MOLDER,2026-06-26,Night,122.2,978,96.31,0,RUNNING
M-06,INJECTION_MOLDER,2026-06-27,Afternoon,122.57,981,91.9,0,RUNNING
M-06,INJECTION_MOLDER,2026-06-27,Morning,117.89,943,96.45,0,RUNNING
M-06,INJECTION_MOLDER,2026-06-27,Night,124.17,993,95.33,0,RUNNING
M-06,INJECTION_MOLDER,2026-06-28,Afternoon,115.06,920,94.58,0,RUNNING
M-06,INJECTION_MOLDER,2026-06-28,Morning,121.53,972,98.39,0,RUNNING
M-06,INJECTION_MOLDER,2026-06-28,Night,118.96,952,94.43,0,RUNNING
M-06,INJECTION_MOLDER,2026-06-29,Afternoon,118.0,944,96.41,0,RUNNING
M-06,INJECTION_MOLDER,2026-06-29,Morning,126.25,1010,94.29,0,RUNNING
M-06,INJECTION_MOLDER,2026-06-29,Night,115.67,925,95.21,0,RUNNING
M-06,INJECTION_MOLDER,2026-06-30,Afternoon,119.66,957,94.94,0,RUNNING
M-06,INJECTION_MOLDER,2026-06-30,Morning,121.14,969,95.33,0,RUNNING
M-06,INJECTION_MOLDER,2026-06-30,Night,114.55,916,96.64,0,RUNNING
M-06,INJECTION_MOLDER,2026-07-01,Afternoon,120.81,966,97.39,0,RUNNING
M-06,INJECTION_MOLDER,2026-07-01,Morning,126.32,1011,96.04,0,RUNNING
M-06,INJECTION_MOLDER,2026-07-01,Night,115.43,923,99.41,0,RUNNING
M-06,INJECTION_MOLDER,2026-07-02,Afternoon,117.36,939,99.64,0,RUNNING
M-06,INJECTION_MOLDER,2026-07-02,Morning,120.73,966,99.26,0,RUNNING
M-06,INJECTION_MOLDER,2026-07-02,Night,122.79,982,97.11,0,RUNNING
M-06,INJECTION_MOLDER,2026-07-03,Afternoon,124.32,995,96.28,0,RUNNING
M-06,INJECTION_MOLDER,2026-07-03,Morning,120.84,967,95.5,0,RUNNING
M-06,INJECTION_MOLDER,2026-07-03,Night,112.92,903,93.77,0,RUNNING
M-06,INJECTION_MOLDER,2026-07-04,Afternoon,119.8,958,98.44,0,RUNNING
M-06,INJECTION_MOLDER,2026-07-04,Morning,119.33,955,96.62,0,RUNNING
M-06,INJECTION_MOLDER,2026-07-04,Night,112.98,904,96.29,0,RUNNING
M-06,INJECTION_MOLDER,2026-07-05,Afternoon,119.66,957,96.84,0,RUNNING
M-06,INJECTION_MOLDER,2026-07-05,Morning,113.46,908,97.52,0,RUNNING
M-06,INJECTION_MOLDER,2026-07-05,Night,116.89,935,98.56,0,RUNNING
M-06,INJECTION_MOLDER,2026-07-06,Afternoon,119.53,956,97.16,0,RUNNING
M-06,INJECTION_MOLDER,2026-07-06,Morning,123.75,990,97.17,0,RUNNING
M-06,INJECTION_MOLDER,2026-07-06,Night,117.46,940,97.71,0,RUNNING
M-06,INJECTION_MOLDER,2026-07-07,Afternoon,117.37,939,96.72,0,RUNNING
M-06,INJECTION_MOLDER,2026-07-07,Morning,125.94,1008,98.14,0,RUNNING
M-06,INJECTION_MOLDER,2026-07-07,Night,115.34,923,97.14,0,RUNNING
M-06,INJECTION_MOLDER,2026-07-08,Afternoon,115.82,927,95.43,0,RUNNING
M-06,INJECTION_MOLDER,2026-07-08,Morning,121.62,973,92.26,0,RUNNING
M-06,INJECTION_MOLDER,2026-07-08,Night,118.92,951,93.58,0,RUNNING
M-06,INJECTION_MOLDER,2026-07-09,Afternoon,119.3,954,94.49,0,RUNNING
M-06,INJECTION_MOLDER,2026-07-09,Morning,121.4,971,96.5,0,RUNNING
M-06,INJECTION_MOLDER,2026-07-09,Night,123.78,990,99.31,0,RUNNING
M-06,INJECTION_MOLDER,2026-07-10,Afternoon,121.77,974,95.28,0,RUNNING
M-06,INJECTION_MOLDER,2026-07-10,Morning,118.26,946,94.78,0,RUNNING
M-06,INJECTION_MOLDER,2026-07-10,Night,119.5,956,97.48,0,RUNNING
M-06,INJECTION_MOLDER,2026-07-11,Afternoon,120.26,962,95.18,0,RUNNING
M-06,INJECTION_MOLDER,2026-07-11,Morning,113.13,905,98.64,0,RUNNING
M-06,INJECTION_MOLDER,2026-07-11,Night,119.68,957,95.92,0,RUNNING
M-06,INJECTION_MOLDER,2026-07-12,Afternoon,115.14,921,94.39,0,RUNNING
M-06,INJECTION_MOLDER,2026-07-12,Morning,109.03,872,96.49,0,RUNNING
M-06,INJECTION_MOLDER,2026-07-12,Night,118.28,946,91.46,0,RUNNING
M-06,INJECTION_MOLDER,2026-07-13,Afternoon,112.79,902,86.75,0,RUNNING
M-06,INJECTION_MOLDER,2026-07-13,Morning,111.56,892,90.46,0,RUNNING
M-06,INJECTION_MOLDER,2026-07-13,Night,109.67,877,89.79,0,RUNNING
M-06,INJECTION_MOLDER,2026-07-14,Afternoon,102.77,822,87.08,0,RUNNING
M-06,INJECTION_MOLDER,2026-07-14,Morning,106.36,851,89.44,0,RUNNING
M-06,INJECTION_MOLDER,2026-07-14,Night,104.65,837,86.71,0,RUNNING
M-06,INJECTION_MOLDER,2026-07-15,Afternoon,91.28,730,85.25,0,RUNNING
M-06,INJECTION_MOLDER,2026-07-15,Morning,102.53,820,85.26,0,RUNNING
M-06,INJECTION_MOLDER,2026-07-15,Night,96.88,775,82.74,0,RUNNING
M-06,INJECTION_MOLDER,2026-07-16,Afternoon,98.79,790,84.13,0,RUNNING
M-06,INJECTION_MOLDER,2026-07-16,Morning,91.47,732,83.72,0,RUNNING
M-06,INJECTION_MOLDER,2026-07-16,Night,93.27,746,84.41,0,RUNNING
M-06,INJECTION_MOLDER,2026-07-17,Afternoon,115.84,0,92.5,480,DOWN
M-06,INJECTION_MOLDER,2026-07-17,Morning,118.35,0,94.61,480,DOWN
M-06,INJECTION_MOLDER,2026-07-17,Night,118.6,0,96.32,480,DOWN
M-06,INJECTION_MOLDER,2026-07-18,Afternoon,116.6,933,97.22,0,RUNNING
M-06,INJECTION_MOLDER,2026-07-18,Morning,119.65,957,95.17,0,RUNNING
M-06,INJECTION_MOLDER,2026-07-18,Night,115.26,922,97.55,0,RUNNING
M-06,INJECTION_MOLDER,2026-07-19,Afternoon,114.72,918,95.0,0,RUNNING
M-06,INJECTION_MOLDER,2026-07-19,Morning,116.39,931,94.5,0,RUNNING
M-06,INJECTION_MOLDER,2026-07-19,Night,123.51,988,97.03,0,RUNNING
M-06,INJECTION_MOLDER,2026-07-20,Afternoon,116.03,928,95.34,0,RUNNING
M-06,INJECTION_MOLDER,2026-07-20,Morning,123.52,988,97.04,0,RUNNING
M-06,INJECTION_MOLDER,2026-07-20,Night,117.19,938,95.53,0,RUNNING
M-06,INJECTION_MOLDER,2026-07-21,Afternoon,123.21,986,99.66,0,RUNNING
M-06,INJECTION_MOLDER,2026-07-21,Morning,115.69,926,97.79,0,RUNNING
M-06,INJECTION_MOLDER,2026-07-21,Night,118.53,948,97.42,0,RUNNING
M-06,INJECTION_MOLDER,2026-07-22,Afternoon,108.75,870,89.24,0,RUNNING
M-06,INJECTION_MOLDER,2026-07-22,Morning,121.8,974,91.76,0,RUNNING
M-06,INJECTION_MOLDER,2026-07-22,Night,116.44,931,89.23,0,RUNNING
M-06,INJECTION_MOLDER,2026-07-23,Afternoon,108.6,869,90.85,0,RUNNING
M-06,INJECTION_MOLDER,2026-07-23,Morning,106.79,854,90.87,0,RUNNING
M-06,INJECTION_MOLDER,2026-07-23,Night,108.72,870,92.56,0,RUNNING
M-06,INJECTION_MOLDER,2026-07-24,Afternoon,99.64,797,88.66,0,RUNNING
M-06,INJECTION_MOLDER,2026-07-24,Morning,99.09,793,85.65,0,RUNNING
M-06,INJECTION_MOLDER,2026-07-24,Night,104.76,838,87.9,0,RUNNING
M-06,INJECTION_MOLDER,2026-07-25,Afternoon,100.8,806,87.05,0,RUNNING
M-06,INJECTION_MOLDER,2026-07-25,Morning,99.41,795,81.64,0,RUNNING
M-06,INJECTION_MOLDER,2026-07-25,Night,98.12,785,87.56,0,RUNNING
M-06,INJECTION_MOLDER,2026-07-26,Afternoon,117.35,352,97.44,300,MAINTENANCE
M-06,INJECTION_MOLDER,2026-07-26,Morning,114.04,342,94.95,300,MAINTENANCE
M-06,INJECTION_MOLDER,2026-07-26,Night,116.22,349,97.51,300,MAINTENANCE
M-06,INJECTION_MOLDER,2026-07-27,Afternoon,121.02,968,94.02,0,RUNNING
M-06,INJECTION_MOLDER,2026-07-27,Morning,124.93,999,97.39,0,RUNNING
M-06,INJECTION_MOLDER,2026-07-27,Night,116.95,936,98.5,0,RUNNING
M-06,INJECTION_MOLDER,2026-07-28,Afternoon,118.5,948,91.95,0,RUNNING
M-06,INJECTION_MOLDER,2026-07-28,Morning,122.81,982,95.92,0,RUNNING
M-06,INJECTION_MOLDER,2026-07-28,Night,116.14,929,99.82,0,RUNNING
M-06,INJECTION_MOLDER,2026-07-29,Afternoon,123.63,989,93.49,0,RUNNING
M-06,INJECTION_MOLDER,2026-07-29,Morning,115.39,923,96.38,0,RUNNING
M-06,INJECTION_MOLDER,2026-07-29,Night,120.66,965,97.88,0,RUNNING
